{
  "position": [
    1.4570295503028334,
    1.1514552407071421,
    1.1479482092085664
  ],
  "look_at": [
    -1.5614845623880487,
    -0.9758510411473018,
    0.17180124201590619
  ],
  "up_direction": [
    -5.5511151231257815e-17,
    0.0,
    1.0
  ],
  "wxyz": [
    -0.28088838227198715,
    0.36478530811230786,
    0.7033571856694179,
    -0.5415921574923613
  ],
  "fov": 1.3089969389957472,
  "near": 0.01,
  "far": 1000.0
}