{
	"class_name" : "PinholeCameraParameters",
	"extrinsic" : 
	[
		-0.82979025686396968,
		-0.074735018667060726,
		-0.55304864758758931,
		0.0,
		0.49237935035877661,
		-0.56452375980318881,
		-0.66247679201458887,
		0.0,
		-0.26269888647250988,
		-0.82202652122818143,
		0.50523429559324029,
		0.0,
		-0.0015681656757488369,
		0.09148797880152143,
		0.11013904608655002,
		1.0
	],
	"intrinsic" : 
	{
		"height" : 1080,
		"intrinsic_matrix" : 
		[
			935.30743608719376,
			0.0,
			0.0,
			0.0,
			935.30743608719376,
			0.0,
			959.5,
			539.5,
			1.0
		],
		"width" : 1920
	},
	"version_major" : 1,
	"version_minor" : 0
}