{
	"class_name" : "PinholeCameraParameters",
	"extrinsic" : 
	[
		-0.83473402121855966,
		-0.07473501866706081,
		-0.54555823777588341,
		0.0,
		0.48639719849216378,
		-0.56452375980318892,
		-0.66688131621499658,
		0.0,
		-0.25814119996480195,
		-0.82202652122818143,
		0.50757809180285407,
		0.0,
		-0.0017887849508846955,
		0.091487978801521444,
		0.11015415246633808,
		1.0
	],
	"intrinsic" : 
	{
		"height" : 1080,
		"intrinsic_matrix" : 
		[
			935.30743608719376,
			0.0,
			0.0,
			0.0,
			935.30743608719376,
			0.0,
			959.5,
			539.5,
			1.0
		],
		"width" : 1920
	},
	"version_major" : 1,
	"version_minor" : 0
}