{
	"class_name" : "PinholeCameraParameters",
	"extrinsic" : 
	[
		-0.30816000997860482,
		-0.16423758160809782,
		-0.93705038553831754,
		0.0,
		-0.15992093923235667,
		0.97991155727884982,
		-0.1191580173818802,
		0.0,
		0.93779672714561502,
		0.11313424193789873,
		-0.3282345835772183,
		0.0,
		0.049946102533002412,
		-0.46768401189631492,
		0.64308989185447862,
		1.0
	],
	"intrinsic" : 
	{
		"height" : 1080,
		"intrinsic_matrix" : 
		[
			935.30743608719376,
			0.0,
			0.0,
			0.0,
			935.30743608719376,
			0.0,
			959.5,
			539.5,
			1.0
		],
		"width" : 1920
	},
	"version_major" : 1,
	"version_minor" : 0
}