{
	"class_name" : "PinholeCameraParameters",
	"extrinsic" : 
	[
		-0.32676873537688494,
		-0.56588270139338481,
		-0.75696694897724359,
		0.0,
		-0.36424978121557589,
		0.81446608848716107,
		-0.45162715550421595,
		0.0,
		0.87209190482689181,
		0.12814741108641056,
		-0.4722647039185271,
		0.0,
		0.18252668892592508,
		-0.1803646104674316,
		0.73688509902117294,
		1.0
	],
	"intrinsic" : 
	{
		"height" : 1080,
		"intrinsic_matrix" : 
		[
			935.30743608719376,
			0.0,
			0.0,
			0.0,
			935.30743608719376,
			0.0,
			959.5,
			539.5,
			1.0
		],
		"width" : 1920
	},
	"version_major" : 1,
	"version_minor" : 0
}