{
	"class_name" : "PinholeCameraParameters",
	"extrinsic" : 
	[
		0.99644150468001313,
		0.066257180309941224,
		0.052099076847938103,
		0.0,
		-0.073975228342358104,
		0.3912056599498111,
		0.91732534970692314,
		0.0,
		0.040397937357337939,
		-0.91791509284933814,
		0.39471494648247596,
		0.0,
		-0.04269468284276811,
		0.1375819787436148,
		0.084020135081583819,
		1.0
	],
	"intrinsic" : 
	{
		"height" : 1080,
		"intrinsic_matrix" : 
		[
			935.30743608719376,
			0.0,
			0.0,
			0.0,
			935.30743608719376,
			0.0,
			959.5,
			539.5,
			1.0
		],
		"width" : 1920
	},
	"version_major" : 1,
	"version_minor" : 0
}