{
	"class_name" : "PinholeCameraParameters",
	"extrinsic" : 
	[
		0.99224684256847351,
		0.061850006770524539,
		-0.10779972205614048,
		0.0,
		0.063504970073081188,
		0.49327680650604055,
		0.86755121516785361,
		0.0,
		0.10683315117000031,
		-0.8676707721398067,
		0.48552457093889656,
		0.0,
		-0.035499394865350725,
		0.14286453432789498,
		0.073982435502229799,
		1.0
	],
	"intrinsic" : 
	{
		"height" : 1080,
		"intrinsic_matrix" : 
		[
			935.30743608719376,
			0.0,
			0.0,
			0.0,
			935.30743608719376,
			0.0,
			959.5,
			539.5,
			1.0
		],
		"width" : 1920
	},
	"version_major" : 1,
	"version_minor" : 0
}