{
	"class_name" : "PinholeCameraParameters",
	"extrinsic" : 
	[
		0.68047349924552358,
		0.33857410048151576,
		0.64986413603743753,
		0.0,
		-0.64162176271755289,
		-0.15307165995365685,
		0.75159203064312252,
		0.0,
		0.35394537775167062,
		-0.92840543158803457,
		0.11307530307747427,
		0.0,
		-0.12561309536443893,
		0.073961157208950856,
		0.078862838893412751,
		1.0
	],
	"intrinsic" : 
	{
		"height" : 1080,
		"intrinsic_matrix" : 
		[
			935.30743608719376,
			0.0,
			0.0,
			0.0,
			935.30743608719376,
			0.0,
			959.5,
			539.5,
			1.0
		],
		"width" : 1920
	},
	"version_major" : 1,
	"version_minor" : 0
}