{
  "position": [
    0.3250609144910467,
    0.1770467212646908,
    0.09615567725696635
  ],
  "look_at": [
    -0.1801713639085786,
    -0.1509407525911669,
    0.07678109422901458
  ],
  "up_direction": [
    -5.5511151231257815e-17,
    0.0,
    1.0
  ],
  "wxyz": [
    -0.3319831051195801,
    0.3428328767538877,
    0.6312999147508759,
    -0.6113209093163363
  ],
  "fov": 1.3089969389957472,
  "near": 0.01,
  "far": 1000.0
}