,grasp_type,captured_object,pose_index,total_attempts,successful_attempts,accuracy,mean_distance,std_distance,max_distance,x_mean,x_std,y_mean,y_std,precision_score
up_pringles_59,up,pringles,59,20,20,1.0,0.01382967074007586,0.006286018450083531,0.026724086291744255,0.0019114772403101721,0.007064083212203178,-0.008904223472792426,0.0098961410767591,0.9937532487435675
up_pringles_light_0,up,pringles_light,0,20,20,1.0,0.019218993692658025,0.0038545168451140054,0.026306305077718674,-0.017114685522510293,0.004423697621994299,0.004668064282131168,0.007067859176605486,0.9961602834071734
