# WaveFront *.obj file (generated by Autodesk ATF)

mtllib c85ae6a1-8681-4599-a624-94f5814391fb.mtl

g Body2

v -0.014909 0.001650 0.010000
v -0.014912 0.001619 0.009683
v -0.014922 0.001524 0.009368
v -0.014937 0.001369 0.009079
v -0.014955 0.001167 0.008833
v -0.014972 0.000921 0.008631
v -0.014987 0.000632 0.008476
v -0.014997 0.000317 0.008381
v -0.015000 -0.000000 0.008350
v -0.014997 -0.000317 0.008381
v -0.014987 -0.000632 0.008476
v -0.014972 -0.000921 0.008631
v -0.014955 -0.001167 0.008833
v -0.014937 -0.001369 0.009079
v -0.014922 -0.001524 0.009368
v -0.014912 -0.001619 0.009683
v -0.014909 -0.001650 0.010000
v -0.014912 -0.001619 0.010317
v -0.014922 -0.001524 0.010632
v -0.014937 -0.001369 0.010921
v -0.014955 -0.001167 0.011167
v -0.014972 -0.000921 0.011369
v -0.014987 -0.000632 0.011524
v -0.014997 -0.000317 0.011619
v -0.015000 0.000000 0.011650
v -0.014997 0.000317 0.011619
v -0.014987 0.000632 0.011524
v -0.014972 0.000921 0.011369
v -0.014955 0.001167 0.011167
v -0.014937 0.001369 0.010921
v -0.014922 0.001524 0.010632
v -0.014912 0.001619 0.010317
v -0.009863 0.001650 0.010000
v -0.009868 0.001619 0.010318
v -0.009883 0.001524 0.010632
v -0.009906 0.001369 0.010921
v -0.009932 0.001167 0.011167
v -0.009958 0.000921 0.011369
v -0.009980 0.000632 0.011524
v -0.009995 0.000318 0.011619
v -0.010000 -0.000000 0.011650
v -0.009995 -0.000318 0.011619
v -0.009980 -0.000632 0.011524
v -0.009958 -0.000921 0.011369
v -0.009932 -0.001167 0.011167
v -0.009906 -0.001369 0.010921
v -0.009883 -0.001524 0.010632
v -0.009868 -0.001619 0.010318
v -0.009863 -0.001650 0.010000
v -0.009868 -0.001619 0.009682
v -0.009883 -0.001524 0.009368
v -0.009906 -0.001369 0.009079
v -0.009932 -0.001167 0.008833
v -0.009958 -0.000921 0.008631
v -0.009980 -0.000632 0.008476
v -0.009995 -0.000318 0.008381
v -0.010000 0.000000 0.008350
v -0.009995 0.000318 0.008381
v -0.009980 0.000632 0.008476
v -0.009958 0.000921 0.008631
v -0.009932 0.001167 0.008833
v -0.009906 0.001369 0.009079
v -0.009883 0.001524 0.009368
v -0.009868 0.001619 0.009682
v 0.009863 0.001650 0.010000
v 0.009868 0.001619 0.009682
v 0.009883 0.001524 0.009368
v 0.009906 0.001369 0.009079
v 0.009932 0.001167 0.008833
v 0.009958 0.000921 0.008631
v 0.009980 0.000632 0.008476
v 0.009995 0.000318 0.008381
v 0.010000 0.000000 0.008350
v 0.009995 -0.000318 0.008381
v 0.009980 -0.000632 0.008476
v 0.009958 -0.000921 0.008631
v 0.009932 -0.001167 0.008833
v 0.009906 -0.001369 0.009079
v 0.009883 -0.001524 0.009368
v 0.009868 -0.001619 0.009682
v 0.009863 -0.001650 0.010000
v 0.009868 -0.001619 0.010318
v 0.009883 -0.001524 0.010632
v 0.009906 -0.001369 0.010921
v 0.009932 -0.001167 0.011167
v 0.009958 -0.000921 0.011369
v 0.009980 -0.000632 0.011524
v 0.009995 -0.000318 0.011619
v 0.010000 -0.000000 0.011650
v 0.009995 0.000318 0.011619
v 0.009980 0.000632 0.011524
v 0.009958 0.000921 0.011369
v 0.009932 0.001167 0.011167
v 0.009906 0.001369 0.010921
v 0.009883 0.001524 0.010632
v 0.009868 0.001619 0.010318
v 0.014909 0.001650 0.010000
v 0.014912 0.001619 0.010317
v 0.014922 0.001524 0.010632
v 0.014937 0.001369 0.010921
v 0.014955 0.001167 0.011167
v 0.014972 0.000921 0.011369
v 0.014987 0.000632 0.011524
v 0.014997 0.000317 0.011619
v 0.015000 0.000000 0.011650
v 0.014997 -0.000317 0.011619
v 0.014987 -0.000632 0.011524
v 0.014972 -0.000921 0.011369
v 0.014955 -0.001167 0.011167
v 0.014937 -0.001369 0.010921
v 0.014922 -0.001524 0.010632
v 0.014912 -0.001619 0.010317
v 0.014909 -0.001650 0.010000
v 0.014912 -0.001619 0.009683
v 0.014922 -0.001524 0.009368
v 0.014937 -0.001369 0.009079
v 0.014955 -0.001167 0.008833
v 0.014972 -0.000921 0.008631
v 0.014987 -0.000632 0.008476
v 0.014997 -0.000317 0.008381
v 0.015000 -0.000000 0.008350
v 0.014997 0.000317 0.008381
v 0.014987 0.000632 0.008476
v 0.014972 0.000921 0.008631
v 0.014955 0.001167 0.008833
v 0.014937 0.001369 0.009079
v 0.014922 0.001524 0.009368
v 0.014912 0.001619 0.009683
v -0.001650 -0.014909 0.010000
v -0.001619 -0.014912 0.009683
v -0.001524 -0.014922 0.009368
v -0.001369 -0.014937 0.009079
v -0.001167 -0.014955 0.008833
v -0.000921 -0.014972 0.008631
v -0.000632 -0.014987 0.008476
v -0.000317 -0.014997 0.008381
v 0.000000 -0.015000 0.008350
v 0.000317 -0.014997 0.008381
v 0.000632 -0.014987 0.008476
v 0.000921 -0.014972 0.008631
v 0.001167 -0.014955 0.008833
v 0.001369 -0.014937 0.009079
v 0.001524 -0.014922 0.009368
v 0.001619 -0.014912 0.009683
v 0.001650 -0.014909 0.010000
v 0.001619 -0.014912 0.010317
v 0.001524 -0.014922 0.010632
v 0.001369 -0.014937 0.010921
v 0.001167 -0.014955 0.011167
v 0.000921 -0.014972 0.011369
v 0.000632 -0.014987 0.011524
v 0.000317 -0.014997 0.011619
v -0.000000 -0.015000 0.011650
v -0.000317 -0.014997 0.011619
v -0.000632 -0.014987 0.011524
v -0.000921 -0.014972 0.011369
v -0.001167 -0.014955 0.011167
v -0.001369 -0.014937 0.010921
v -0.001524 -0.014922 0.010632
v -0.001619 -0.014912 0.010317
v -0.001650 -0.009863 0.010000
v -0.001619 -0.009868 0.010318
v -0.001524 -0.009883 0.010632
v -0.001369 -0.009906 0.010921
v -0.001167 -0.009932 0.011167
v -0.000921 -0.009958 0.011369
v -0.000632 -0.009980 0.011524
v -0.000318 -0.009995 0.011619
v 0.000000 -0.010000 0.011650
v 0.000318 -0.009995 0.011619
v 0.000632 -0.009980 0.011524
v 0.000921 -0.009958 0.011369
v 0.001167 -0.009932 0.011167
v 0.001369 -0.009906 0.010921
v 0.001524 -0.009883 0.010632
v 0.001619 -0.009868 0.010318
v 0.001650 -0.009863 0.010000
v 0.001619 -0.009868 0.009682
v 0.001524 -0.009883 0.009368
v 0.001369 -0.009906 0.009079
v 0.001167 -0.009932 0.008833
v 0.000921 -0.009958 0.008631
v 0.000632 -0.009980 0.008476
v 0.000318 -0.009995 0.008381
v 0.000000 -0.010000 0.008350
v -0.000318 -0.009995 0.008381
v -0.000632 -0.009980 0.008476
v -0.000921 -0.009958 0.008631
v -0.001167 -0.009932 0.008833
v -0.001369 -0.009906 0.009079
v -0.001524 -0.009883 0.009368
v -0.001619 -0.009868 0.009682
v -0.001650 0.009863 0.010000
v -0.001619 0.009868 0.009682
v -0.001524 0.009883 0.009368
v -0.001369 0.009906 0.009079
v -0.001167 0.009932 0.008833
v -0.000921 0.009958 0.008631
v -0.000632 0.009980 0.008476
v -0.000318 0.009995 0.008381
v 0.000000 0.010000 0.008350
v 0.000318 0.009995 0.008381
v 0.000632 0.009980 0.008476
v 0.000921 0.009958 0.008631
v 0.001167 0.009932 0.008833
v 0.001369 0.009906 0.009079
v 0.001524 0.009883 0.009368
v 0.001619 0.009868 0.009682
v 0.001650 0.009863 0.010000
v 0.001619 0.009868 0.010318
v 0.001524 0.009883 0.010632
v 0.001369 0.009906 0.010921
v 0.001167 0.009932 0.011167
v 0.000921 0.009958 0.011369
v 0.000632 0.009980 0.011524
v 0.000318 0.009995 0.011619
v 0.000000 0.010000 0.011650
v -0.000318 0.009995 0.011619
v -0.000632 0.009980 0.011524
v -0.000921 0.009958 0.011369
v -0.001167 0.009932 0.011167
v -0.001369 0.009906 0.010921
v -0.001524 0.009883 0.010632
v -0.001619 0.009868 0.010318
v -0.001650 0.014909 0.010000
v -0.001619 0.014912 0.010317
v -0.001524 0.014922 0.010632
v -0.001369 0.014937 0.010921
v -0.001167 0.014955 0.011167
v -0.000921 0.014972 0.011369
v -0.000632 0.014987 0.011524
v -0.000317 0.014997 0.011619
v -0.000000 0.015000 0.011650
v 0.000317 0.014997 0.011619
v 0.000632 0.014987 0.011524
v 0.000921 0.014972 0.011369
v 0.001167 0.014955 0.011167
v 0.001369 0.014937 0.010921
v 0.001524 0.014922 0.010632
v 0.001619 0.014912 0.010317
v 0.001650 0.014909 0.010000
v 0.001619 0.014912 0.009683
v 0.001524 0.014922 0.009368
v 0.001369 0.014937 0.009079
v 0.001167 0.014955 0.008833
v 0.000921 0.014972 0.008631
v 0.000632 0.014987 0.008476
v 0.000317 0.014997 0.008381
v 0.000000 0.015000 0.008350
v -0.000317 0.014997 0.008381
v -0.000632 0.014987 0.008476
v -0.000921 0.014972 0.008631
v -0.001167 0.014955 0.008833
v -0.001369 0.014937 0.009079
v -0.001524 0.014922 0.009368
v -0.001619 0.014912 0.009683
v 0.010000 0.000000 0.025000
v 0.009659 0.002588 0.025000
v 0.008660 0.005000 0.025000
v 0.007071 0.007071 0.025000
v 0.005000 0.008660 0.025000
v 0.002588 0.009659 0.025000
v -0.000000 0.010000 0.025000
v -0.002588 0.009659 0.025000
v -0.005000 0.008660 0.025000
v -0.007071 0.007071 0.025000
v -0.008660 0.005000 0.025000
v -0.009659 0.002588 0.025000
v -0.010000 0.000000 0.025000
v -0.009659 -0.002588 0.025000
v -0.008660 -0.005000 0.025000
v -0.007071 -0.007071 0.025000
v -0.005000 -0.008660 0.025000
v -0.002588 -0.009659 0.025000
v -0.000000 -0.010000 0.025000
v 0.002588 -0.009659 0.025000
v 0.005000 -0.008660 0.025000
v 0.007071 -0.007071 0.025000
v 0.008660 -0.005000 0.025000
v 0.009659 -0.002588 0.025000
v 0.010000 0.000000 -0.000000
v 0.009659 -0.002588 -0.000000
v 0.008660 -0.005000 -0.000000
v 0.007071 -0.007071 -0.000000
v 0.005000 -0.008660 -0.000000
v 0.002588 -0.009659 -0.000000
v -0.000000 -0.010000 -0.000000
v -0.002588 -0.009659 -0.000000
v -0.005000 -0.008660 -0.000000
v -0.007071 -0.007071 -0.000000
v -0.008660 -0.005000 -0.000000
v -0.009659 -0.002588 -0.000000
v -0.010000 0.000000 -0.000000
v -0.009659 0.002588 -0.000000
v -0.008660 0.005000 -0.000000
v -0.007071 0.007071 -0.000000
v -0.005000 0.008660 -0.000000
v -0.002588 0.009659 -0.000000
v -0.000000 0.010000 -0.000000
v 0.002588 0.009659 -0.000000
v 0.005000 0.008660 -0.000000
v 0.007071 0.007071 -0.000000
v 0.008660 0.005000 -0.000000
v 0.009659 0.002588 -0.000000
v 0.015000 0.000000 0.025000
v 0.014624 -0.003338 0.025000
v 0.013515 -0.006508 0.025000
v 0.011727 -0.009352 0.025000
v 0.009352 -0.011727 0.025000
v 0.006508 -0.013515 0.025000
v 0.003338 -0.014624 0.025000
v -0.000000 -0.015000 0.025000
v -0.003338 -0.014624 0.025000
v -0.006508 -0.013515 0.025000
v -0.009352 -0.011727 0.025000
v -0.011727 -0.009352 0.025000
v -0.013515 -0.006508 0.025000
v -0.014624 -0.003338 0.025000
v -0.015000 0.000000 0.025000
v -0.014624 0.003338 0.025000
v -0.013515 0.006508 0.025000
v -0.011727 0.009352 0.025000
v -0.009352 0.011727 0.025000
v -0.006508 0.013515 0.025000
v -0.003338 0.014624 0.025000
v -0.000000 0.015000 0.025000
v 0.003338 0.014624 0.025000
v 0.006508 0.013515 0.025000
v 0.009352 0.011727 0.025000
v 0.011727 0.009352 0.025000
v 0.013515 0.006508 0.025000
v 0.014624 0.003338 0.025000
v 0.015000 0.000000 -0.000000
v 0.014624 0.003338 -0.000000
v 0.013515 0.006508 -0.000000
v 0.011727 0.009352 -0.000000
v 0.009352 0.011727 -0.000000
v 0.006508 0.013515 -0.000000
v 0.003338 0.014624 -0.000000
v -0.000000 0.015000 -0.000000
v -0.003338 0.014624 -0.000000
v -0.006508 0.013515 -0.000000
v -0.009352 0.011727 -0.000000
v -0.011727 0.009352 -0.000000
v -0.013515 0.006508 -0.000000
v -0.014624 0.003338 -0.000000
v -0.015000 0.000000 -0.000000
v -0.014624 -0.003338 -0.000000
v -0.013515 -0.006508 -0.000000
v -0.011727 -0.009352 -0.000000
v -0.009352 -0.011727 -0.000000
v -0.006508 -0.013515 -0.000000
v -0.003338 -0.014624 -0.000000
v -0.000000 -0.015000 -0.000000
v 0.003338 -0.014624 -0.000000
v 0.006508 -0.013515 -0.000000
v 0.009352 -0.011727 -0.000000
v 0.011727 -0.009352 -0.000000
v 0.013515 -0.006508 -0.000000
v 0.014624 -0.003338 -0.000000
v 0.004975 0.024500 0.000000
v 0.004705 0.023308 -0.000000
v 0.004154 0.022217 -0.000000
v 0.003354 0.021292 -0.000000
v 0.002354 0.020589 -0.000000
v 0.001213 0.020149 -0.000000
v 0.000000 0.020000 -0.000000
v -0.001213 0.020149 -0.000000
v -0.002354 0.020589 -0.000000
v -0.003354 0.021292 -0.000000
v -0.004154 0.022217 -0.000000
v -0.004705 0.023308 -0.000000
v -0.004975 0.024500 0.000000
v -0.008982 0.023331 0.000000
v -0.012739 0.021511 0.000000
v -0.016140 0.019092 0.000000
v -0.019092 0.016140 0.000000
v -0.021511 0.012739 0.000000
v -0.023331 0.008982 0.000000
v -0.024500 0.004975 -0.000000
v -0.023308 0.004705 -0.000000
v -0.022217 0.004154 -0.000000
v -0.021292 0.003354 -0.000000
v -0.020589 0.002354 -0.000000
v -0.020149 0.001213 -0.000000
v -0.020000 0.000000 -0.000000
v -0.020149 -0.001213 -0.000000
v -0.020589 -0.002354 -0.000000
v -0.021292 -0.003354 -0.000000
v -0.022217 -0.004154 -0.000000
v -0.023308 -0.004705 -0.000000
v -0.024500 -0.004975 -0.000000
v -0.023331 -0.008982 0.000000
v -0.021511 -0.012739 0.000000
v -0.019092 -0.016140 0.000000
v -0.016140 -0.019092 0.000000
v -0.012739 -0.021511 0.000000
v -0.008982 -0.023331 0.000000
v -0.004975 -0.024500 0.000000
v -0.004705 -0.023308 -0.000000
v -0.004154 -0.022217 -0.000000
v -0.003354 -0.021292 -0.000000
v -0.002354 -0.020589 -0.000000
v -0.001213 -0.020149 -0.000000
v 0.000000 -0.020000 -0.000000
v 0.001213 -0.020149 -0.000000
v 0.002354 -0.020589 -0.000000
v 0.003354 -0.021292 -0.000000
v 0.004154 -0.022217 -0.000000
v 0.004705 -0.023308 -0.000000
v 0.004975 -0.024500 0.000000
v 0.008982 -0.023331 0.000000
v 0.012739 -0.021511 0.000000
v 0.016140 -0.019092 0.000000
v 0.019092 -0.016140 0.000000
v 0.021511 -0.012739 0.000000
v 0.023331 -0.008982 0.000000
v 0.024500 -0.004975 -0.000000
v 0.023308 -0.004705 -0.000000
v 0.022217 -0.004154 -0.000000
v 0.021292 -0.003354 -0.000000
v 0.020589 -0.002354 -0.000000
v 0.020149 -0.001213 -0.000000
v 0.020000 0.000000 -0.000000
v 0.020149 0.001213 -0.000000
v 0.020589 0.002354 -0.000000
v 0.021292 0.003354 -0.000000
v 0.022217 0.004154 -0.000000
v 0.023308 0.004705 -0.000000
v 0.024500 0.004975 -0.000000
v 0.023331 0.008982 0.000000
v 0.021511 0.012739 0.000000
v 0.019092 0.016140 0.000000
v 0.016140 0.019092 0.000000
v 0.012739 0.021511 0.000000
v 0.008982 0.023331 0.000000
v 0.005000 0.025000 -0.007000
v 0.004830 0.023706 -0.007000
v 0.004330 0.022500 -0.007000
v 0.003536 0.021464 -0.007000
v 0.002500 0.020670 -0.007000
v 0.001294 0.020170 -0.007000
v 0.000000 0.020000 -0.007000
v -0.001294 0.020170 -0.007000
v -0.002500 0.020670 -0.007000
v -0.003536 0.021464 -0.007000
v -0.004330 0.022500 -0.007000
v -0.004830 0.023706 -0.007000
v -0.005000 0.025000 -0.007000
v -0.004830 0.026294 -0.007000
v -0.004330 0.027500 -0.007000
v -0.003536 0.028536 -0.007000
v -0.002500 0.029330 -0.007000
v -0.001294 0.029830 -0.007000
v -0.000000 0.030000 -0.007000
v 0.001294 0.029830 -0.007000
v 0.002500 0.029330 -0.007000
v 0.003536 0.028536 -0.007000
v 0.004330 0.027500 -0.007000
v 0.004830 0.026294 -0.007000
v 0.004974 0.025509 -0.000396
v 0.004764 0.026517 -0.000777
v 0.004351 0.027463 -0.001122
v 0.003764 0.028291 -0.001416
v 0.003001 0.029000 -0.001662
v 0.002078 0.029548 -0.001848
v 0.001054 0.029888 -0.001962
v -0.000000 0.030000 -0.002000
v -0.001054 0.029888 -0.001962
v -0.002078 0.029548 -0.001848
v -0.003001 0.029000 -0.001662
v -0.003764 0.028291 -0.001416
v -0.004351 0.027463 -0.001122
v -0.004764 0.026517 -0.000777
v -0.004974 0.025509 -0.000396
v -0.003000 0.025000 -0.007000
v -0.002898 0.025776 -0.007000
v -0.002598 0.026500 -0.007000
v -0.002121 0.027121 -0.007000
v -0.001500 0.027598 -0.007000
v -0.000776 0.027898 -0.007000
v 0.000000 0.028000 -0.007000
v 0.000776 0.027898 -0.007000
v 0.001500 0.027598 -0.007000
v 0.002121 0.027121 -0.007000
v 0.002598 0.026500 -0.007000
v 0.002898 0.025776 -0.007000
v 0.003000 0.025000 -0.007000
v 0.002898 0.024224 -0.007000
v 0.002598 0.023500 -0.007000
v 0.002121 0.022879 -0.007000
v 0.001500 0.022402 -0.007000
v 0.000776 0.022102 -0.007000
v 0.000000 0.022000 -0.007000
v -0.000776 0.022102 -0.007000
v -0.001500 0.022402 -0.007000
v -0.002121 0.022879 -0.007000
v -0.002598 0.023500 -0.007000
v -0.002898 0.024224 -0.007000
v 0.003000 0.025000 -0.016000
v 0.002898 0.024224 -0.016000
v 0.002598 0.023500 -0.016000
v 0.002121 0.022879 -0.016000
v 0.001500 0.022402 -0.016000
v 0.000776 0.022102 -0.016000
v -0.000000 0.022000 -0.016000
v -0.000776 0.022102 -0.016000
v -0.001500 0.022402 -0.016000
v -0.002121 0.022879 -0.016000
v -0.002598 0.023500 -0.016000
v -0.002898 0.024224 -0.016000
v -0.003000 0.025000 -0.016000
v -0.002898 0.025776 -0.016000
v -0.002598 0.026500 -0.016000
v -0.002121 0.027121 -0.016000
v -0.001500 0.027598 -0.016000
v -0.000776 0.027898 -0.016000
v 0.000000 0.028000 -0.016000
v 0.000776 0.027898 -0.016000
v 0.001500 0.027598 -0.016000
v 0.002121 0.027121 -0.016000
v 0.002598 0.026500 -0.016000
v 0.002898 0.025776 -0.016000
v 0.032500 0.000000 -0.003000
v 0.032100 0.005084 -0.003000
v 0.030909 0.010043 -0.003000
v 0.028958 0.014755 -0.003000
v 0.026293 0.019103 -0.003000
v 0.022981 0.022981 -0.003000
v 0.019103 0.026293 -0.003000
v 0.014755 0.028958 -0.003000
v 0.010043 0.030909 -0.003000
v 0.005084 0.032100 -0.003000
v 0.000000 0.032500 -0.003000
v -0.005084 0.032100 -0.003000
v -0.010043 0.030909 -0.003000
v -0.014755 0.028958 -0.003000
v -0.019103 0.026293 -0.003000
v -0.022981 0.022981 -0.003000
v -0.026293 0.019103 -0.003000
v -0.028958 0.014755 -0.003000
v -0.030909 0.010043 -0.003000
v -0.032100 0.005084 -0.003000
v -0.032500 0.000000 -0.003000
v -0.032100 -0.005084 -0.003000
v -0.030909 -0.010043 -0.003000
v -0.028958 -0.014755 -0.003000
v -0.026293 -0.019103 -0.003000
v -0.022981 -0.022981 -0.003000
v -0.019103 -0.026293 -0.003000
v -0.014755 -0.028958 -0.003000
v -0.010043 -0.030909 -0.003000
v -0.005084 -0.032100 -0.003000
v -0.000000 -0.032500 -0.003000
v 0.005084 -0.032100 -0.003000
v 0.010043 -0.030909 -0.003000
v 0.014755 -0.028958 -0.003000
v 0.019103 -0.026293 -0.003000
v 0.022981 -0.022981 -0.003000
v 0.026293 -0.019103 -0.003000
v 0.028958 -0.014755 -0.003000
v 0.030909 -0.010043 -0.003000
v 0.032100 -0.005084 -0.003000
v 0.025509 0.004974 -0.000396
v 0.026517 0.004764 -0.000777
v 0.027463 0.004351 -0.001122
v 0.028291 0.003764 -0.001416
v 0.029000 0.003001 -0.001662
v 0.029548 0.002078 -0.001848
v 0.029888 0.001054 -0.001962
v 0.030000 0.000000 -0.002000
v 0.029888 -0.001054 -0.001962
v 0.029548 -0.002078 -0.001848
v 0.029000 -0.003001 -0.001662
v 0.028291 -0.003764 -0.001416
v 0.027463 -0.004351 -0.001122
v 0.026517 -0.004764 -0.000777
v 0.025509 -0.004974 -0.000396
v 0.004974 -0.025509 -0.000396
v 0.004764 -0.026517 -0.000777
v 0.004351 -0.027463 -0.001122
v 0.003764 -0.028291 -0.001416
v 0.003001 -0.029000 -0.001662
v 0.002078 -0.029548 -0.001848
v 0.001054 -0.029888 -0.001962
v 0.000000 -0.030000 -0.002000
v -0.001054 -0.029888 -0.001962
v -0.002078 -0.029548 -0.001848
v -0.003001 -0.029000 -0.001662
v -0.003764 -0.028291 -0.001416
v -0.004351 -0.027463 -0.001122
v -0.004764 -0.026517 -0.000777
v -0.004974 -0.025509 -0.000396
v -0.025509 -0.004974 -0.000396
v -0.026517 -0.004764 -0.000777
v -0.027463 -0.004351 -0.001122
v -0.028291 -0.003764 -0.001416
v -0.029000 -0.003001 -0.001662
v -0.029548 -0.002078 -0.001848
v -0.029888 -0.001054 -0.001962
v -0.030000 -0.000000 -0.002000
v -0.029888 0.001054 -0.001962
v -0.029548 0.002078 -0.001848
v -0.029000 0.003001 -0.001662
v -0.028291 0.003764 -0.001416
v -0.027463 0.004351 -0.001122
v -0.026517 0.004764 -0.000777
v -0.025509 0.004974 -0.000396
v 0.030000 0.000000 -0.007000
v 0.029830 0.001294 -0.007000
v 0.029330 0.002500 -0.007000
v 0.028536 0.003536 -0.007000
v 0.027500 0.004330 -0.007000
v 0.026294 0.004830 -0.007000
v 0.025000 0.005000 -0.007000
v 0.023706 0.004830 -0.007000
v 0.022500 0.004330 -0.007000
v 0.021464 0.003536 -0.007000
v 0.020670 0.002500 -0.007000
v 0.020170 0.001294 -0.007000
v 0.020000 0.000000 -0.007000
v 0.020170 -0.001294 -0.007000
v 0.020670 -0.002500 -0.007000
v 0.021464 -0.003536 -0.007000
v 0.022500 -0.004330 -0.007000
v 0.023706 -0.004830 -0.007000
v 0.025000 -0.005000 -0.007000
v 0.026294 -0.004830 -0.007000
v 0.027500 -0.004330 -0.007000
v 0.028536 -0.003536 -0.007000
v 0.029330 -0.002500 -0.007000
v 0.029830 -0.001294 -0.007000
v 0.022000 0.000000 -0.007000
v 0.022102 0.000776 -0.007000
v 0.022402 0.001500 -0.007000
v 0.022879 0.002121 -0.007000
v 0.023500 0.002598 -0.007000
v 0.024224 0.002898 -0.007000
v 0.025000 0.003000 -0.007000
v 0.025776 0.002898 -0.007000
v 0.026500 0.002598 -0.007000
v 0.027121 0.002121 -0.007000
v 0.027598 0.001500 -0.007000
v 0.027898 0.000776 -0.007000
v 0.028000 0.000000 -0.007000
v 0.027898 -0.000776 -0.007000
v 0.027598 -0.001500 -0.007000
v 0.027121 -0.002121 -0.007000
v 0.026500 -0.002598 -0.007000
v 0.025776 -0.002898 -0.007000
v 0.025000 -0.003000 -0.007000
v 0.024224 -0.002898 -0.007000
v 0.023500 -0.002598 -0.007000
v 0.022879 -0.002121 -0.007000
v 0.022402 -0.001500 -0.007000
v 0.022102 -0.000776 -0.007000
v 0.028000 0.000000 -0.016000
v 0.027898 -0.000776 -0.016000
v 0.027598 -0.001500 -0.016000
v 0.027121 -0.002121 -0.016000
v 0.026500 -0.002598 -0.016000
v 0.025776 -0.002898 -0.016000
v 0.025000 -0.003000 -0.016000
v 0.024224 -0.002898 -0.016000
v 0.023500 -0.002598 -0.016000
v 0.022879 -0.002121 -0.016000
v 0.022402 -0.001500 -0.016000
v 0.022102 -0.000776 -0.016000
v 0.022000 0.000000 -0.016000
v 0.022102 0.000776 -0.016000
v 0.022402 0.001500 -0.016000
v 0.022879 0.002121 -0.016000
v 0.023500 0.002598 -0.016000
v 0.024224 0.002898 -0.016000
v 0.025000 0.003000 -0.016000
v 0.025776 0.002898 -0.016000
v 0.026500 0.002598 -0.016000
v 0.027121 0.002121 -0.016000
v 0.027598 0.001500 -0.016000
v 0.027898 0.000776 -0.016000
v 0.005000 -0.025000 -0.007000
v 0.004830 -0.026294 -0.007000
v 0.004330 -0.027500 -0.007000
v 0.003536 -0.028536 -0.007000
v 0.002500 -0.029330 -0.007000
v 0.001294 -0.029830 -0.007000
v 0.000000 -0.030000 -0.007000
v -0.001294 -0.029830 -0.007000
v -0.002500 -0.029330 -0.007000
v -0.003536 -0.028536 -0.007000
v -0.004330 -0.027500 -0.007000
v -0.004830 -0.026294 -0.007000
v -0.005000 -0.025000 -0.007000
v -0.004830 -0.023706 -0.007000
v -0.004330 -0.022500 -0.007000
v -0.003536 -0.021464 -0.007000
v -0.002500 -0.020670 -0.007000
v -0.001294 -0.020170 -0.007000
v -0.000000 -0.020000 -0.007000
v 0.001294 -0.020170 -0.007000
v 0.002500 -0.020670 -0.007000
v 0.003536 -0.021464 -0.007000
v 0.004330 -0.022500 -0.007000
v 0.004830 -0.023706 -0.007000
v -0.003000 -0.025000 -0.007000
v -0.002898 -0.024224 -0.007000
v -0.002598 -0.023500 -0.007000
v -0.002121 -0.022879 -0.007000
v -0.001500 -0.022402 -0.007000
v -0.000776 -0.022102 -0.007000
v 0.000000 -0.022000 -0.007000
v 0.000776 -0.022102 -0.007000
v 0.001500 -0.022402 -0.007000
v 0.002121 -0.022879 -0.007000
v 0.002598 -0.023500 -0.007000
v 0.002898 -0.024224 -0.007000
v 0.003000 -0.025000 -0.007000
v 0.002898 -0.025776 -0.007000
v 0.002598 -0.026500 -0.007000
v 0.002121 -0.027121 -0.007000
v 0.001500 -0.027598 -0.007000
v 0.000776 -0.027898 -0.007000
v 0.000000 -0.028000 -0.007000
v -0.000776 -0.027898 -0.007000
v -0.001500 -0.027598 -0.007000
v -0.002121 -0.027121 -0.007000
v -0.002598 -0.026500 -0.007000
v -0.002898 -0.025776 -0.007000
v 0.003000 -0.025000 -0.016000
v 0.002898 -0.025776 -0.016000
v 0.002598 -0.026500 -0.016000
v 0.002121 -0.027121 -0.016000
v 0.001500 -0.027598 -0.016000
v 0.000776 -0.027898 -0.016000
v -0.000000 -0.028000 -0.016000
v -0.000776 -0.027898 -0.016000
v -0.001500 -0.027598 -0.016000
v -0.002121 -0.027121 -0.016000
v -0.002598 -0.026500 -0.016000
v -0.002898 -0.025776 -0.016000
v -0.003000 -0.025000 -0.016000
v -0.002898 -0.024224 -0.016000
v -0.002598 -0.023500 -0.016000
v -0.002121 -0.022879 -0.016000
v -0.001500 -0.022402 -0.016000
v -0.000776 -0.022102 -0.016000
v 0.000000 -0.022000 -0.016000
v 0.000776 -0.022102 -0.016000
v 0.001500 -0.022402 -0.016000
v 0.002121 -0.022879 -0.016000
v 0.002598 -0.023500 -0.016000
v 0.002898 -0.024224 -0.016000
v -0.020000 0.000000 -0.007000
v -0.020170 0.001294 -0.007000
v -0.020670 0.002500 -0.007000
v -0.021464 0.003536 -0.007000
v -0.022500 0.004330 -0.007000
v -0.023706 0.004830 -0.007000
v -0.025000 0.005000 -0.007000
v -0.026294 0.004830 -0.007000
v -0.027500 0.004330 -0.007000
v -0.028536 0.003536 -0.007000
v -0.029330 0.002500 -0.007000
v -0.029830 0.001294 -0.007000
v -0.030000 -0.000000 -0.007000
v -0.029830 -0.001294 -0.007000
v -0.029330 -0.002500 -0.007000
v -0.028536 -0.003536 -0.007000
v -0.027500 -0.004330 -0.007000
v -0.026294 -0.004830 -0.007000
v -0.025000 -0.005000 -0.007000
v -0.023706 -0.004830 -0.007000
v -0.022500 -0.004330 -0.007000
v -0.021464 -0.003536 -0.007000
v -0.020670 -0.002500 -0.007000
v -0.020170 -0.001294 -0.007000
v -0.028000 0.000000 -0.007000
v -0.027898 0.000776 -0.007000
v -0.027598 0.001500 -0.007000
v -0.027121 0.002121 -0.007000
v -0.026500 0.002598 -0.007000
v -0.025776 0.002898 -0.007000
v -0.025000 0.003000 -0.007000
v -0.024224 0.002898 -0.007000
v -0.023500 0.002598 -0.007000
v -0.022879 0.002121 -0.007000
v -0.022402 0.001500 -0.007000
v -0.022102 0.000776 -0.007000
v -0.022000 0.000000 -0.007000
v -0.022102 -0.000776 -0.007000
v -0.022402 -0.001500 -0.007000
v -0.022879 -0.002121 -0.007000
v -0.023500 -0.002598 -0.007000
v -0.024224 -0.002898 -0.007000
v -0.025000 -0.003000 -0.007000
v -0.025776 -0.002898 -0.007000
v -0.026500 -0.002598 -0.007000
v -0.027121 -0.002121 -0.007000
v -0.027598 -0.001500 -0.007000
v -0.027898 -0.000776 -0.007000
v -0.022000 0.000000 -0.016000
v -0.022102 -0.000776 -0.016000
v -0.022402 -0.001500 -0.016000
v -0.022879 -0.002121 -0.016000
v -0.023500 -0.002598 -0.016000
v -0.024224 -0.002898 -0.016000
v -0.025000 -0.003000 -0.016000
v -0.025776 -0.002898 -0.016000
v -0.026500 -0.002598 -0.016000
v -0.027121 -0.002121 -0.016000
v -0.027598 -0.001500 -0.016000
v -0.027898 -0.000776 -0.016000
v -0.028000 0.000000 -0.016000
v -0.027898 0.000776 -0.016000
v -0.027598 0.001500 -0.016000
v -0.027121 0.002121 -0.016000
v -0.026500 0.002598 -0.016000
v -0.025776 0.002898 -0.016000
v -0.025000 0.003000 -0.016000
v -0.024224 0.002898 -0.016000
v -0.023500 0.002598 -0.016000
v -0.022879 0.002121 -0.016000
v -0.022402 0.001500 -0.016000
v -0.022102 0.000776 -0.016000
v 0.032500 0.000000 -0.016000
v 0.032100 -0.005084 -0.016000
v 0.030909 -0.010043 -0.016000
v 0.028958 -0.014755 -0.016000
v 0.026293 -0.019103 -0.016000
v 0.022981 -0.022981 -0.016000
v 0.019103 -0.026293 -0.016000
v 0.014755 -0.028958 -0.016000
v 0.010043 -0.030909 -0.016000
v 0.005084 -0.032100 -0.016000
v -0.000000 -0.032500 -0.016000
v -0.005084 -0.032100 -0.016000
v -0.010043 -0.030909 -0.016000
v -0.014755 -0.028958 -0.016000
v -0.019103 -0.026293 -0.016000
v -0.022981 -0.022981 -0.016000
v -0.026293 -0.019103 -0.016000
v -0.028958 -0.014755 -0.016000
v -0.030909 -0.010043 -0.016000
v -0.032100 -0.005084 -0.016000
v -0.032500 0.000000 -0.016000
v -0.032100 0.005084 -0.016000
v -0.030909 0.010043 -0.016000
v -0.028958 0.014755 -0.016000
v -0.026293 0.019103 -0.016000
v -0.022981 0.022981 -0.016000
v -0.019103 0.026293 -0.016000
v -0.014755 0.028958 -0.016000
v -0.010043 0.030909 -0.016000
v -0.005084 0.032100 -0.016000
v 0.000000 0.032500 -0.016000
v 0.005084 0.032100 -0.016000
v 0.010043 0.030909 -0.016000
v 0.014755 0.028958 -0.016000
v 0.019103 0.026293 -0.016000
v 0.022981 0.022981 -0.016000
v 0.026293 0.019103 -0.016000
v 0.028958 0.014755 -0.016000
v 0.030909 0.010043 -0.016000
v 0.032100 0.005084 -0.016000
vt -14.912353 -0.319454 0.000000
vt -9.868051 -0.319704 0.000000
vt -14.908974 -0.000000 0.000000
vt -9.862936 -0.000000 0.000000
vt -14.912353 0.319454 0.000000
vt -9.868051 0.319704 0.000000
vt -9.883160 0.648515 0.000000
vt -14.922349 -0.648204 0.000000
vt -9.883160 -0.648515 0.000000
vt -14.937379 -0.976820 0.000000
vt -9.905837 -0.977025 0.000000
vt -14.954556 -1.295904 0.000000
vt -9.931703 -1.295891 0.000000
vt -9.957503 -1.614761 0.000000
vt -14.971714 -1.614988 0.000000
vt -9.980011 -1.943282 0.000000
vt -14.986694 -1.943607 0.000000
vt -9.994952 -2.272106 0.000000
vt -14.996640 -2.272359 0.000000
vt -10.000000 -2.591814 0.000000
vt -15.000000 -2.591814 0.000000
vt -14.996640 -2.911269 0.000000
vt -9.994952 -2.911522 0.000000
vt -14.986694 -3.240021 0.000000
vt -9.980011 -3.240346 0.000000
vt -14.971714 -3.568640 0.000000
vt -9.957503 -3.568867 0.000000
vt -14.954556 -3.887724 0.000000
vt -9.931703 -3.887737 0.000000
vt -14.937379 -4.206808 0.000000
vt -9.905837 -4.206603 0.000000
vt -14.922349 -4.535424 0.000000
vt -9.883160 -4.535112 0.000000
vt -14.912353 -4.864174 0.000000
vt -9.868051 -4.863924 0.000000
vt -9.862936 -5.183628 0.000000
vt -14.908974 -5.183628 0.000000
vt -9.862936 5.183628 0.000000
vt -14.908974 5.183628 0.000000
vt -9.868051 4.863924 0.000000
vt -14.912353 4.864174 0.000000
vt -14.922349 4.535424 0.000000
vt -9.883160 4.535112 0.000000
vt -14.937379 4.206808 0.000000
vt -9.905837 4.206603 0.000000
vt -14.954556 3.887724 0.000000
vt -9.931703 3.887737 0.000000
vt -9.957503 3.568867 0.000000
vt -14.971714 3.568640 0.000000
vt -9.980011 3.240346 0.000000
vt -14.986694 3.240021 0.000000
vt -9.994952 2.911522 0.000000
vt -14.996640 2.911269 0.000000
vt -10.000000 2.591814 0.000000
vt -15.000000 2.591814 0.000000
vt -14.996640 2.272359 0.000000
vt -9.994952 2.272106 0.000000
vt -14.986694 1.943607 0.000000
vt -9.980011 1.943282 0.000000
vt -14.971714 1.614988 0.000000
vt -9.957503 1.614761 0.000000
vt -14.954556 1.295904 0.000000
vt -9.931703 1.295891 0.000000
vt -14.937379 0.976820 0.000000
vt -9.905837 0.977025 0.000000
vt -14.922349 0.648204 0.000000
vt 9.868051 -0.319704 0.000000
vt 14.912353 -0.319454 0.000000
vt 9.862936 0.000000 0.000000
vt 14.908974 0.000000 0.000000
vt 14.912353 0.319454 0.000000
vt 9.883160 -0.648515 0.000000
vt 14.922349 -0.648204 0.000000
vt 9.905837 -0.977025 0.000000
vt 14.937379 -0.976820 0.000000
vt 14.954556 -1.295904 0.000000
vt 9.931703 -1.295891 0.000000
vt 9.957503 -1.614761 0.000000
vt 14.971714 -1.614988 0.000000
vt 9.980011 -1.943282 0.000000
vt 14.986694 -1.943607 0.000000
vt 9.994952 -2.272106 0.000000
vt 14.996640 -2.272359 0.000000
vt 10.000000 -2.591814 0.000000
vt 15.000000 -2.591814 0.000000
vt 14.996640 -2.911269 0.000000
vt 9.994952 -2.911522 0.000000
vt 14.986694 -3.240021 0.000000
vt 9.980011 -3.240346 0.000000
vt 14.971714 -3.568640 0.000000
vt 9.957503 -3.568867 0.000000
vt 14.954556 -3.887724 0.000000
vt 9.931703 -3.887737 0.000000
vt 14.937379 -4.206808 0.000000
vt 9.905837 -4.206603 0.000000
vt 9.883160 -4.535112 0.000000
vt 14.922349 -4.535424 0.000000
vt 9.868051 -4.863924 0.000000
vt 14.912353 -4.864174 0.000000
vt 9.862936 -5.183628 0.000000
vt 14.908974 -5.183628 0.000000
vt 14.908974 5.183628 0.000000
vt 9.862936 5.183628 0.000000
vt 14.912353 4.864174 0.000000
vt 9.868051 4.863924 0.000000
vt 9.883160 4.535112 0.000000
vt 14.922349 4.535424 0.000000
vt 9.905837 4.206603 0.000000
vt 14.937379 4.206808 0.000000
vt 14.954556 3.887724 0.000000
vt 9.931703 3.887737 0.000000
vt 9.957503 3.568867 0.000000
vt 14.971714 3.568640 0.000000
vt 9.980011 3.240346 0.000000
vt 14.986694 3.240021 0.000000
vt 9.994952 2.911522 0.000000
vt 14.996640 2.911269 0.000000
vt 10.000000 2.591814 0.000000
vt 15.000000 2.591814 0.000000
vt 14.996640 2.272359 0.000000
vt 9.994952 2.272106 0.000000
vt 14.986694 1.943607 0.000000
vt 9.980011 1.943282 0.000000
vt 14.971714 1.614988 0.000000
vt 9.957503 1.614761 0.000000
vt 14.954556 1.295904 0.000000
vt 9.931703 1.295891 0.000000
vt 14.937379 0.976820 0.000000
vt 9.905837 0.977025 0.000000
vt 9.883160 0.648515 0.000000
vt 14.922349 0.648204 0.000000
vt 9.868051 0.319704 0.000000
vt -14.912353 4.864174 0.000000
vt -9.868051 4.863924 0.000000
vt -14.908974 5.183628 0.000000
vt -9.862936 5.183628 0.000000
vt -14.908974 -5.183628 0.000000
vt -9.862936 -5.183628 0.000000
vt -14.912353 -4.864174 0.000000
vt -9.868051 -4.863924 0.000000
vt -9.883160 -4.535112 0.000000
vt -14.922349 4.535424 0.000000
vt -9.883160 4.535112 0.000000
vt -14.937379 4.206808 0.000000
vt -9.905837 4.206603 0.000000
vt -14.954556 3.887724 0.000000
vt -9.931703 3.887737 0.000000
vt -9.957503 3.568867 0.000000
vt -14.971714 3.568640 0.000000
vt -9.980011 3.240346 0.000000
vt -14.986694 3.240021 0.000000
vt -9.994952 2.911522 0.000000
vt -14.996640 2.911269 0.000000
vt -10.000000 2.591814 0.000000
vt -15.000000 2.591814 0.000000
vt -14.996640 2.272359 0.000000
vt -9.994952 2.272106 0.000000
vt -14.986694 1.943607 0.000000
vt -9.980011 1.943282 0.000000
vt -14.971714 1.614988 0.000000
vt -9.957503 1.614761 0.000000
vt -14.954556 1.295904 0.000000
vt -9.931703 1.295891 0.000000
vt -14.937379 0.976820 0.000000
vt -9.905837 0.977025 0.000000
vt -14.922349 0.648204 0.000000
vt -9.883160 0.648515 0.000000
vt -14.912353 0.319454 0.000000
vt -9.868051 0.319704 0.000000
vt -9.862936 0.000000 0.000000
vt -14.908974 0.000000 0.000000
vt -9.868051 -0.319704 0.000000
vt -14.912353 -0.319454 0.000000
vt -14.922349 -0.648204 0.000000
vt -9.883160 -0.648515 0.000000
vt -14.937379 -0.976820 0.000000
vt -9.905837 -0.977025 0.000000
vt -14.954556 -1.295904 0.000000
vt -9.931703 -1.295891 0.000000
vt -9.957503 -1.614761 0.000000
vt -14.971714 -1.614988 0.000000
vt -9.980011 -1.943282 0.000000
vt -14.986694 -1.943607 0.000000
vt -9.994952 -2.272106 0.000000
vt -14.996640 -2.272359 0.000000
vt -10.000000 -2.591814 0.000000
vt -15.000000 -2.591814 0.000000
vt -14.996640 -2.911269 0.000000
vt -9.994952 -2.911522 0.000000
vt -14.986694 -3.240021 0.000000
vt -9.980011 -3.240346 0.000000
vt -14.971714 -3.568640 0.000000
vt -9.957503 -3.568867 0.000000
vt -14.954556 -3.887724 0.000000
vt -9.931703 -3.887737 0.000000
vt -14.937379 -4.206808 0.000000
vt -9.905837 -4.206603 0.000000
vt -14.922349 -4.535424 0.000000
vt 9.868051 4.863924 0.000000
vt 14.912353 4.864174 0.000000
vt 9.862936 5.183628 0.000000
vt 14.908974 5.183628 0.000000
vt 9.862936 -5.183628 0.000000
vt 14.908974 -5.183628 0.000000
vt 14.912353 -4.864174 0.000000
vt 9.883160 4.535112 0.000000
vt 14.922349 4.535424 0.000000
vt 9.905837 4.206603 0.000000
vt 14.937379 4.206808 0.000000
vt 14.954556 3.887724 0.000000
vt 9.931703 3.887737 0.000000
vt 9.957503 3.568867 0.000000
vt 14.971714 3.568640 0.000000
vt 9.980011 3.240346 0.000000
vt 14.986694 3.240021 0.000000
vt 9.994952 2.911522 0.000000
vt 14.996640 2.911269 0.000000
vt 10.000000 2.591814 0.000000
vt 15.000000 2.591814 0.000000
vt 14.996640 2.272359 0.000000
vt 9.994952 2.272106 0.000000
vt 14.986694 1.943607 0.000000
vt 9.980011 1.943282 0.000000
vt 14.971714 1.614988 0.000000
vt 9.957503 1.614761 0.000000
vt 14.954556 1.295904 0.000000
vt 9.931703 1.295891 0.000000
vt 14.937379 0.976820 0.000000
vt 9.905837 0.977025 0.000000
vt 9.883160 0.648515 0.000000
vt 14.922349 0.648204 0.000000
vt 9.868051 0.319704 0.000000
vt 14.912353 0.319454 0.000000
vt 9.862936 0.000000 0.000000
vt 14.908974 0.000000 0.000000
vt 14.912353 -0.319454 0.000000
vt 9.868051 -0.319704 0.000000
vt 9.883160 -0.648515 0.000000
vt 14.922349 -0.648204 0.000000
vt 9.905837 -0.977025 0.000000
vt 14.937379 -0.976820 0.000000
vt 14.954556 -1.295904 0.000000
vt 9.931703 -1.295891 0.000000
vt 9.957503 -1.614761 0.000000
vt 14.971714 -1.614988 0.000000
vt 9.980011 -1.943282 0.000000
vt 14.986694 -1.943607 0.000000
vt 9.994952 -2.272106 0.000000
vt 14.996640 -2.272359 0.000000
vt 10.000000 -2.591814 0.000000
vt 15.000000 -2.591814 0.000000
vt 14.996640 -2.911269 0.000000
vt 9.994952 -2.911522 0.000000
vt 14.986694 -3.240021 0.000000
vt 9.980011 -3.240346 0.000000
vt 14.971714 -3.568640 0.000000
vt 9.957503 -3.568867 0.000000
vt 14.954556 -3.887724 0.000000
vt 9.931703 -3.887737 0.000000
vt 14.937379 -4.206808 0.000000
vt 9.905837 -4.206603 0.000000
vt 9.883160 -4.535112 0.000000
vt 14.922349 -4.535424 0.000000
vt 9.868051 -4.863924 0.000000
vt 10.317707 -29.789643 0.000000
vt 25.000000 -28.797933 0.000000
vt 10.000000 -29.758346 0.000000
vt 0.000000 -28.797933 0.000000
vt 9.682293 -29.789643 0.000000
vt 9.368053 -29.885776 0.000000
vt 9.079077 -30.042525 0.000000
vt 0.000000 -31.415927 0.000000
vt 8.833285 -30.246526 0.000000
vt 8.630928 -30.493674 0.000000
vt 8.475820 -30.783543 0.000000
vt 8.380877 -31.098161 0.000000
vt 8.350000 -31.415927 0.000000
vt 8.350000 31.415927 0.000000
vt 0.000000 31.415927 0.000000
vt 8.380877 31.098161 0.000000
vt 8.475820 30.783543 0.000000
vt 8.630928 30.493674 0.000000
vt 8.833285 30.246526 0.000000
vt 0.000000 28.797933 0.000000
vt 9.079077 30.042525 0.000000
vt 9.368053 29.885776 0.000000
vt 9.682293 29.789643 0.000000
vt 10.000000 29.758346 0.000000
vt 25.000000 28.797933 0.000000
vt 10.317707 29.789643 0.000000
vt 10.631947 29.885776 0.000000
vt 10.920923 30.042525 0.000000
vt 11.166715 30.246526 0.000000
vt 25.000000 31.415927 0.000000
vt 11.369072 30.493674 0.000000
vt 11.524180 30.783543 0.000000
vt 11.619123 31.098161 0.000000
vt 11.650000 31.415927 0.000000
vt 11.650000 -31.415927 0.000000
vt 25.000000 -31.415927 0.000000
vt 11.619123 -31.098161 0.000000
vt 11.524180 -30.783543 0.000000
vt 11.369072 -30.493674 0.000000
vt 11.166715 -30.246526 0.000000
vt 10.920923 -30.042525 0.000000
vt 10.631947 -29.885776 0.000000
vt 9.682293 -1.626283 0.000000
vt 0.000000 -2.617994 0.000000
vt 10.000000 -1.657580 0.000000
vt 25.000000 -2.617994 0.000000
vt 10.317707 -1.626283 0.000000
vt 10.631947 -1.530150 0.000000
vt 10.920923 -1.373401 0.000000
vt 11.166715 -1.169401 0.000000
vt 25.000000 0.000000 0.000000
vt 11.369072 -0.922253 0.000000
vt 11.524180 -0.632383 0.000000
vt 11.619123 -0.317765 0.000000
vt 11.650000 0.000000 0.000000
vt 11.619123 0.317765 0.000000
vt 11.524180 0.632383 0.000000
vt 11.369072 0.922253 0.000000
vt 11.166715 1.169401 0.000000
vt 10.920923 1.373401 0.000000
vt 25.000000 2.617994 0.000000
vt 10.631947 1.530150 0.000000
vt 10.317707 1.626283 0.000000
vt 10.000000 1.657580 0.000000
vt 0.000000 2.617994 0.000000
vt 9.682293 1.626283 0.000000
vt 9.368053 1.530150 0.000000
vt 9.079077 1.373401 0.000000
vt 0.000000 0.000000 0.000000
vt 8.833285 1.169401 0.000000
vt 8.630928 0.922253 0.000000
vt 8.475820 0.632383 0.000000
vt 8.380877 0.317765 0.000000
vt 8.350000 -0.000000 0.000000
vt 8.380877 -0.317765 0.000000
vt 8.475820 -0.632383 0.000000
vt 8.630928 -0.922253 0.000000
vt 8.833285 -1.169401 0.000000
vt 9.079077 -1.373401 0.000000
vt 9.368053 -1.530150 0.000000
vt 10.317707 -14.081680 0.000000
vt 25.000000 -13.089969 0.000000
vt 10.000000 -14.050383 0.000000
vt 0.000000 -13.089969 0.000000
vt 9.682293 -14.081680 0.000000
vt 9.368053 -14.177813 0.000000
vt 9.079077 -14.334562 0.000000
vt 0.000000 -15.707963 0.000000
vt 8.833285 -14.538562 0.000000
vt 8.630928 -14.785710 0.000000
vt 8.475820 -15.075580 0.000000
vt 8.380877 -15.390198 0.000000
vt 8.350000 -15.707963 0.000000
vt 8.380877 -16.025728 0.000000
vt 8.475820 -16.340347 0.000000
vt 8.630928 -16.630216 0.000000
vt 8.833285 -16.877364 0.000000
vt 0.000000 -18.325957 0.000000
vt 9.079077 -17.081364 0.000000
vt 9.368053 -17.238113 0.000000
vt 9.682293 -17.334246 0.000000
vt 10.000000 -17.365543 0.000000
vt 25.000000 -18.325957 0.000000
vt 10.317707 -17.334246 0.000000
vt 10.631947 -17.238113 0.000000
vt 10.920923 -17.081364 0.000000
vt 11.166715 -16.877364 0.000000
vt 25.000000 -15.707963 0.000000
vt 11.369072 -16.630216 0.000000
vt 11.524180 -16.340347 0.000000
vt 11.619123 -16.025728 0.000000
vt 11.650000 -15.707963 0.000000
vt 11.619123 -15.390198 0.000000
vt 11.524180 -15.075580 0.000000
vt 11.369072 -14.785710 0.000000
vt 11.166715 -14.538562 0.000000
vt 10.920923 -14.334562 0.000000
vt 10.631947 -14.177813 0.000000
vt 9.682293 14.081680 0.000000
vt 0.000000 13.089969 0.000000
vt 10.000000 14.050383 0.000000
vt 25.000000 13.089969 0.000000
vt 10.317707 14.081680 0.000000
vt 10.631947 14.177813 0.000000
vt 10.920923 14.334562 0.000000
vt 11.166715 14.538562 0.000000
vt 25.000000 15.707963 0.000000
vt 11.369072 14.785710 0.000000
vt 11.524180 15.075580 0.000000
vt 11.619123 15.390198 0.000000
vt 11.650000 15.707963 0.000000
vt 11.619123 16.025728 0.000000
vt 11.524180 16.340347 0.000000
vt 11.369072 16.630216 0.000000
vt 11.166715 16.877364 0.000000
vt 10.920923 17.081364 0.000000
vt 25.000000 18.325957 0.000000
vt 10.631947 17.238113 0.000000
vt 10.317707 17.334246 0.000000
vt 10.000000 17.365543 0.000000
vt 0.000000 18.325957 0.000000
vt 9.682293 17.334246 0.000000
vt 9.368053 17.238113 0.000000
vt 9.079077 17.081364 0.000000
vt 0.000000 15.707963 0.000000
vt 8.833285 16.877364 0.000000
vt 8.630928 16.630216 0.000000
vt 8.475820 16.340347 0.000000
vt 8.380877 16.025728 0.000000
vt 8.350000 15.707963 0.000000
vt 8.380877 15.390198 0.000000
vt 8.475820 15.075580 0.000000
vt 8.630928 14.785710 0.000000
vt 8.833285 14.538562 0.000000
vt 9.079077 14.334562 0.000000
vt 9.368053 14.177813 0.000000
vt 0.000000 -26.179939 0.000000
vt 25.000000 -26.179939 0.000000
vt 0.000000 -23.561945 0.000000
vt 25.000000 -23.561945 0.000000
vt 0.000000 -20.943951 0.000000
vt 25.000000 -20.943951 0.000000
vt 0.000000 -10.471976 0.000000
vt 25.000000 -10.471976 0.000000
vt 0.000000 -7.853982 0.000000
vt 25.000000 -7.853982 0.000000
vt 0.000000 -5.235988 0.000000
vt 25.000000 -5.235988 0.000000
vt 0.000000 5.235988 0.000000
vt 25.000000 5.235988 0.000000
vt 0.000000 7.853982 0.000000
vt 25.000000 7.853982 0.000000
vt -0.000000 10.471976 0.000000
vt 25.000000 10.471976 0.000000
vt 0.000000 20.943951 0.000000
vt 25.000000 20.943951 0.000000
vt 0.000000 23.561945 0.000000
vt 25.000000 23.561945 0.000000
vt -0.000000 26.179939 0.000000
vt 25.000000 26.179939 0.000000
vt -9.682538 -45.501557 0.000000
vt -0.000000 -43.757898 0.000000
vt -10.000000 -45.470544 0.000000
vt -25.000000 -43.757898 0.000000
vt -10.317462 -45.501557 0.000000
vt -25.000000 -47.123890 0.000000
vt -10.631659 -45.596949 0.000000
vt -10.920753 -45.752779 0.000000
vt -11.166724 -45.955982 0.000000
vt -11.369199 -46.202553 0.000000
vt -11.524304 -46.492041 0.000000
vt -11.619172 -46.806403 0.000000
vt -11.650000 -47.123890 0.000000
vt -11.650000 47.123890 0.000000
vt -25.000000 47.123890 0.000000
vt -11.619172 46.806403 0.000000
vt -11.524304 46.492041 0.000000
vt -11.369199 46.202553 0.000000
vt -11.166724 45.955982 0.000000
vt -10.920753 45.752779 0.000000
vt -25.000000 43.757898 0.000000
vt -10.631659 45.596949 0.000000
vt -10.317462 45.501557 0.000000
vt -10.000000 45.470544 0.000000
vt -0.000000 43.757898 0.000000
vt -9.682538 45.501557 0.000000
vt -9.368341 45.596949 0.000000
vt -9.079247 45.752779 0.000000
vt -0.000000 47.123890 0.000000
vt -8.833276 45.955982 0.000000
vt -8.630801 46.202553 0.000000
vt -8.475696 46.492041 0.000000
vt -8.380828 46.806403 0.000000
vt -8.350000 47.123890 0.000000
vt -8.350000 -47.123890 0.000000
vt -0.000000 -47.123890 0.000000
vt -8.380828 -46.806403 0.000000
vt -8.475696 -46.492041 0.000000
vt -8.630801 -46.202553 0.000000
vt -8.833276 -45.955982 0.000000
vt -9.079247 -45.752779 0.000000
vt -9.368341 -45.596949 0.000000
vt -10.317462 -1.622333 0.000000
vt -25.000000 -3.365992 0.000000
vt -10.000000 -1.653346 0.000000
vt -0.000000 -3.365992 0.000000
vt -9.682538 -1.622333 0.000000
vt -9.368341 -1.526941 0.000000
vt -9.079247 -1.371111 0.000000
vt -0.000000 0.000000 0.000000
vt -8.833276 -1.167908 0.000000
vt -8.630801 -0.921336 0.000000
vt -8.475696 -0.631849 0.000000
vt -8.380828 -0.317487 0.000000
vt -8.350000 0.000000 0.000000
vt -8.380828 0.317487 0.000000
vt -8.475696 0.631849 0.000000
vt -8.630801 0.921336 0.000000
vt -8.833276 1.167908 0.000000
vt -9.079247 1.371111 0.000000
vt -9.368341 1.526941 0.000000
vt -9.682538 1.622333 0.000000
vt -0.000000 3.365992 0.000000
vt -10.000000 1.653346 0.000000
vt -25.000000 3.365992 0.000000
vt -10.317462 1.622333 0.000000
vt -25.000000 0.000000 0.000000
vt -10.631659 1.526941 0.000000
vt -10.920753 1.371111 0.000000
vt -11.166724 1.167908 0.000000
vt -11.369199 0.921336 0.000000
vt -11.524304 0.631849 0.000000
vt -11.619172 0.317487 0.000000
vt -11.650000 -0.000000 0.000000
vt -11.619172 -0.317487 0.000000
vt -11.524304 -0.631849 0.000000
vt -11.369199 -0.921336 0.000000
vt -11.166724 -1.167908 0.000000
vt -10.920753 -1.371111 0.000000
vt -10.631659 -1.526941 0.000000
vt -9.682538 -21.939612 0.000000
vt -0.000000 -20.195953 0.000000
vt -10.000000 -21.908599 0.000000
vt -25.000000 -20.195953 0.000000
vt -10.317462 -21.939612 0.000000
vt -25.000000 -23.561945 0.000000
vt -10.631659 -22.035004 0.000000
vt -10.920753 -22.190834 0.000000
vt -11.166724 -22.394037 0.000000
vt -11.369199 -22.640608 0.000000
vt -11.524304 -22.930096 0.000000
vt -11.619172 -23.244458 0.000000
vt -11.650000 -23.561945 0.000000
vt -11.619172 -23.879432 0.000000
vt -11.524304 -24.193794 0.000000
vt -11.369199 -24.483281 0.000000
vt -11.166724 -24.729853 0.000000
vt -10.920753 -24.933056 0.000000
vt -25.000000 -26.927937 0.000000
vt -10.631659 -25.088886 0.000000
vt -10.317462 -25.184278 0.000000
vt -10.000000 -25.215291 0.000000
vt -0.000000 -26.927937 0.000000
vt -9.682538 -25.184278 0.000000
vt -9.368341 -25.088886 0.000000
vt -9.079247 -24.933056 0.000000
vt -0.000000 -23.561945 0.000000
vt -8.833276 -24.729853 0.000000
vt -8.630801 -24.483281 0.000000
vt -8.475696 -24.193794 0.000000
vt -8.380828 -23.879432 0.000000
vt -8.350000 -23.561945 0.000000
vt -8.380828 -23.244458 0.000000
vt -8.475696 -22.930096 0.000000
vt -8.630801 -22.640608 0.000000
vt -8.833276 -22.394037 0.000000
vt -9.079247 -22.190834 0.000000
vt -9.368341 -22.035004 0.000000
vt -10.317462 21.939612 0.000000
vt -25.000000 20.195953 0.000000
vt -10.000000 21.908599 0.000000
vt -0.000000 20.195953 0.000000
vt -9.682538 21.939612 0.000000
vt -9.368341 22.035004 0.000000
vt -9.079247 22.190834 0.000000
vt -0.000000 23.561945 0.000000
vt -8.833276 22.394037 0.000000
vt -8.630801 22.640608 0.000000
vt -8.475696 22.930096 0.000000
vt -8.380828 23.244458 0.000000
vt -8.350000 23.561945 0.000000
vt -8.380828 23.879432 0.000000
vt -8.475696 24.193794 0.000000
vt -8.630801 24.483281 0.000000
vt -8.833276 24.729853 0.000000
vt -9.079247 24.933056 0.000000
vt -9.368341 25.088886 0.000000
vt -9.682538 25.184278 0.000000
vt -0.000000 26.927937 0.000000
vt -10.000000 25.215291 0.000000
vt -25.000000 26.927937 0.000000
vt -10.317462 25.184278 0.000000
vt -25.000000 23.561945 0.000000
vt -10.631659 25.088886 0.000000
vt -10.920753 24.933056 0.000000
vt -11.166724 24.729853 0.000000
vt -11.369199 24.483281 0.000000
vt -11.524304 24.193794 0.000000
vt -11.619172 23.879432 0.000000
vt -11.650000 23.561945 0.000000
vt -11.619172 23.244458 0.000000
vt -11.524304 22.930096 0.000000
vt -11.369199 22.640608 0.000000
vt -11.166724 22.394037 0.000000
vt -10.920753 22.190834 0.000000
vt -10.631659 22.035004 0.000000
vt -0.000000 40.391906 0.000000
vt -25.000000 40.391906 0.000000
vt -0.000000 37.025913 0.000000
vt -25.000000 37.025913 0.000000
vt -0.000000 33.659921 0.000000
vt -25.000000 33.659921 0.000000
vt -0.000000 30.293929 0.000000
vt -25.000000 30.293929 0.000000
vt -0.000000 16.829961 0.000000
vt -25.000000 16.829961 0.000000
vt -0.000000 13.463969 0.000000
vt -25.000000 13.463969 0.000000
vt -0.000000 10.097976 0.000000
vt -25.000000 10.097976 0.000000
vt -0.000000 6.731984 0.000000
vt -25.000000 6.731984 0.000000
vt -0.000000 -6.731984 0.000000
vt -25.000000 -6.731984 0.000000
vt -0.000000 -10.097976 0.000000
vt -25.000000 -10.097976 0.000000
vt -0.000000 -13.463969 0.000000
vt -25.000000 -13.463969 0.000000
vt -0.000000 -16.829961 0.000000
vt -25.000000 -16.829961 0.000000
vt -0.000000 -30.293929 0.000000
vt -25.000000 -30.293929 0.000000
vt -0.000000 -33.659921 0.000000
vt -25.000000 -33.659921 0.000000
vt -0.000000 -37.025913 0.000000
vt -25.000000 -37.025913 0.000000
vt -0.000000 -40.391906 0.000000
vt -25.000000 -40.391906 0.000000
vt -9.659258 2.588190 0.000000
vt -14.623919 3.337814 0.000000
vt -10.000000 -0.000000 0.000000
vt -15.000000 -0.000000 0.000000
vt -14.623919 -3.337814 0.000000
vt -13.514533 6.508256 0.000000
vt -8.660254 5.000000 0.000000
vt -11.727472 9.352347 0.000000
vt -7.071068 7.071068 0.000000
vt -9.352347 11.727472 0.000000
vt -5.000000 8.660254 0.000000
vt -6.508256 13.514533 0.000000
vt -2.588190 9.659258 0.000000
vt -3.337814 14.623919 0.000000
vt 0.000000 10.000000 0.000000
vt 0.000000 15.000000 0.000000
vt 3.337814 14.623919 0.000000
vt 2.588190 9.659258 0.000000
vt 6.508256 13.514533 0.000000
vt 5.000000 8.660254 0.000000
vt 9.352347 11.727472 0.000000
vt 7.071068 7.071068 0.000000
vt 11.727472 9.352347 0.000000
vt 8.660254 5.000000 0.000000
vt 13.514533 6.508256 0.000000
vt 9.659258 2.588190 0.000000
vt 14.623919 3.337814 0.000000
vt 10.000000 0.000000 0.000000
vt 15.000000 0.000000 0.000000
vt 14.623919 -3.337814 0.000000
vt 9.659258 -2.588190 0.000000
vt 13.514533 -6.508256 0.000000
vt 8.660254 -5.000000 0.000000
vt 11.727472 -9.352347 0.000000
vt 7.071068 -7.071068 0.000000
vt 9.352347 -11.727472 0.000000
vt 5.000000 -8.660254 0.000000
vt 6.508256 -13.514533 0.000000
vt 2.588190 -9.659258 0.000000
vt 3.337814 -14.623919 0.000000
vt 0.000000 -10.000000 0.000000
vt 0.000000 -15.000000 0.000000
vt -3.337814 -14.623919 0.000000
vt -2.588190 -9.659258 0.000000
vt -6.508256 -13.514533 0.000000
vt -5.000000 -8.660254 0.000000
vt -9.352347 -11.727472 0.000000
vt -7.071068 -7.071068 0.000000
vt -11.727472 -9.352347 0.000000
vt -8.660254 -5.000000 0.000000
vt -13.514533 -6.508256 0.000000
vt -9.659258 -2.588190 0.000000
vt 4.974937 24.500000 0.000000
vt 4.704917 23.307736 0.000000
vt 8.981989 23.330750 0.000000
vt 4.153654 22.216629 0.000000
vt 6.508256 13.514533 0.000000
vt 3.354102 21.291901 0.000000
vt 3.337814 14.623919 0.000000
vt 2.354054 20.588829 0.000000
vt 1.213290 20.149441 0.000000
vt -0.000000 15.000000 0.000000
vt 0.000000 20.000000 0.000000
vt -1.213290 20.149441 0.000000
vt -3.337814 14.623919 0.000000
vt -2.354054 20.588829 0.000000
vt -3.354102 21.291901 0.000000
vt -6.508256 13.514533 0.000000
vt -4.153654 22.216629 0.000000
vt -8.981989 23.330750 0.000000
vt -4.704917 23.307736 0.000000
vt -4.974937 24.500000 0.000000
vt -12.738643 21.511090 0.000000
vt -9.352347 11.727472 0.000000
vt -16.140172 19.091748 0.000000
vt -19.091748 16.140172 0.000000
vt -11.727472 9.352347 0.000000
vt -21.511090 12.738643 0.000000
vt -13.514533 6.508256 0.000000
vt -23.330750 8.981989 0.000000
vt -22.216629 4.153654 0.000000
vt -23.307736 4.704917 0.000000
vt -24.500000 4.974937 0.000000
vt -21.291901 3.354102 0.000000
vt -14.623919 3.337814 0.000000
vt -20.588829 2.354054 0.000000
vt -20.149441 1.213290 0.000000
vt -15.000000 0.000000 0.000000
vt -20.000000 0.000000 0.000000
vt -20.149441 -1.213290 0.000000
vt -14.623919 -3.337814 0.000000
vt -20.588829 -2.354054 0.000000
vt -21.291901 -3.354102 0.000000
vt -13.514533 -6.508256 0.000000
vt -22.216629 -4.153654 0.000000
vt -23.330750 -8.981989 0.000000
vt -23.307736 -4.704917 0.000000
vt -24.500000 -4.974937 0.000000
vt -21.511090 -12.738643 0.000000
vt -11.727472 -9.352347 0.000000
vt -19.091748 -16.140172 0.000000
vt -9.352347 -11.727472 0.000000
vt -16.140172 -19.091748 0.000000
vt -12.738643 -21.511090 0.000000
vt -6.508256 -13.514533 0.000000
vt -8.981989 -23.330750 0.000000
vt -4.153654 -22.216629 0.000000
vt -4.704917 -23.307736 0.000000
vt -4.974937 -24.500000 0.000000
vt -3.354102 -21.291901 0.000000
vt -3.337814 -14.623919 0.000000
vt -2.354054 -20.588829 0.000000
vt -1.213290 -20.149441 0.000000
vt -0.000000 -15.000000 0.000000
vt 0.000000 -20.000000 0.000000
vt 1.213290 -20.149441 0.000000
vt 3.337814 -14.623919 0.000000
vt 2.354054 -20.588829 0.000000
vt 3.354102 -21.291901 0.000000
vt 6.508256 -13.514533 0.000000
vt 4.153654 -22.216629 0.000000
vt 8.981989 -23.330750 0.000000
vt 4.704917 -23.307736 0.000000
vt 4.974937 -24.500000 0.000000
vt 12.738643 -21.511090 0.000000
vt 9.352347 -11.727472 0.000000
vt 16.140172 -19.091748 0.000000
vt 19.091748 -16.140172 0.000000
vt 11.727472 -9.352347 0.000000
vt 21.511090 -12.738643 0.000000
vt 13.514533 -6.508256 0.000000
vt 23.330750 -8.981989 0.000000
vt 22.216629 -4.153654 0.000000
vt 23.307736 -4.704917 0.000000
vt 24.500000 -4.974937 0.000000
vt 21.291901 -3.354102 0.000000
vt 14.623919 -3.337814 0.000000
vt 20.588829 -2.354054 0.000000
vt 20.149441 -1.213290 0.000000
vt 15.000000 0.000000 0.000000
vt 20.000000 0.000000 0.000000
vt 20.149441 1.213290 0.000000
vt 14.623919 3.337814 0.000000
vt 20.588829 2.354054 0.000000
vt 21.291901 3.354102 0.000000
vt 13.514533 6.508256 0.000000
vt 22.216629 4.153654 0.000000
vt 23.330750 8.981989 0.000000
vt 23.307736 4.704917 0.000000
vt 24.500000 4.974937 0.000000
vt 21.511090 12.738643 0.000000
vt 11.727472 9.352347 0.000000
vt 19.091748 16.140172 0.000000
vt 9.352347 11.727472 0.000000
vt 16.140172 19.091748 0.000000
vt 12.738643 21.511090 0.000000
vt 3.500000 1.308997 0.000000
vt -3.500000 0.500837 0.000000
vt 3.500000 0.000000 0.000000
vt -3.104128 -0.510193 0.000000
vt 3.500000 -1.308997 0.000000
vt -2.723255 -1.541626 0.000000
vt 3.500000 -2.617994 0.000000
vt -2.377747 -2.575483 0.000000
vt -2.083751 -3.592616 0.000000
vt -3.500000 1.726361 0.000000
vt 3.500000 2.617994 0.000000
vt -3.500000 2.951885 0.000000
vt 3.500000 3.926991 0.000000
vt -3.500000 4.177409 0.000000
vt 3.500000 5.235988 0.000000
vt -3.500000 5.402933 0.000000
vt 3.500000 6.544985 0.000000
vt -3.500000 6.628458 0.000000
vt 3.500000 7.853982 0.000000
vt -3.500000 7.853982 0.000000
vt -3.500000 9.079506 0.000000
vt 3.500000 9.162979 0.000000
vt -3.500000 10.305030 0.000000
vt 3.500000 10.471976 0.000000
vt -3.500000 11.530554 0.000000
vt 3.500000 11.780972 0.000000
vt -3.500000 12.756078 0.000000
vt 3.500000 13.089969 0.000000
vt -3.500000 13.981602 0.000000
vt 3.500000 14.398966 0.000000
vt -3.500000 15.207126 0.000000
vt 3.500000 15.707963 0.000000
vt -3.104128 16.218156 0.000000
vt -3.104128 -15.197771 0.000000
vt 3.500000 -15.707963 0.000000
vt 3.500000 -14.398966 0.000000
vt -2.723255 -14.166337 0.000000
vt 3.500000 -13.089969 0.000000
vt -2.377747 -13.132481 0.000000
vt -2.083751 -12.115347 0.000000
vt 3.500000 -11.780972 0.000000
vt -1.838241 -11.072164 0.000000
vt 3.500000 -10.471976 0.000000
vt -1.651741 -9.997170 0.000000
vt 3.500000 -9.162979 0.000000
vt -1.537504 -8.915852 0.000000
vt 3.500000 -7.853982 0.000000
vt -1.500000 -7.853982 0.000000
vt -1.537504 -6.792111 0.000000
vt 3.500000 -6.544985 0.000000
vt -1.651741 -5.710793 0.000000
vt 3.500000 -5.235988 0.000000
vt -1.838241 -4.635800 0.000000
vt 3.500000 -3.926991 0.000000
vt -4.829629 -1.294095 0.000000
vt -2.897777 -0.776457 0.000000
vt -5.000000 0.000000 0.000000
vt -3.000000 0.000000 0.000000
vt -2.897777 0.776457 0.000000
vt -2.598076 -1.500000 0.000000
vt -4.330127 -2.500000 0.000000
vt -2.121320 -2.121320 0.000000
vt -3.535534 -3.535534 0.000000
vt -1.500000 -2.598076 0.000000
vt -2.500000 -4.330127 0.000000
vt -0.776457 -2.897777 0.000000
vt -1.294095 -4.829629 0.000000
vt -0.000000 -3.000000 0.000000
vt 0.000000 -5.000000 0.000000
vt 1.294095 -4.829629 0.000000
vt 0.776457 -2.897777 0.000000
vt 2.500000 -4.330127 0.000000
vt 1.500000 -2.598076 0.000000
vt 3.535534 -3.535534 0.000000
vt 2.121320 -2.121320 0.000000
vt 4.330127 -2.500000 0.000000
vt 2.598076 -1.500000 0.000000
vt 4.829629 -1.294095 0.000000
vt 2.897777 -0.776457 0.000000
vt 3.000000 0.000000 0.000000
vt 5.000000 0.000000 0.000000
vt 2.897777 0.776457 0.000000
vt 4.829629 1.294095 0.000000
vt 2.598076 1.500000 0.000000
vt 4.330127 2.500000 0.000000
vt 2.121320 2.121320 0.000000
vt 3.535534 3.535534 0.000000
vt 1.500000 2.598076 0.000000
vt 2.500000 4.330127 0.000000
vt 0.776457 2.897777 0.000000
vt 1.294095 4.829629 0.000000
vt -0.000000 3.000000 0.000000
vt -0.000000 5.000000 0.000000
vt -1.294095 4.829629 0.000000
vt -0.776457 2.897777 0.000000
vt -2.500000 4.330127 0.000000
vt -1.500000 2.598076 0.000000
vt -3.535534 3.535534 0.000000
vt -2.121320 2.121320 0.000000
vt -4.330127 2.500000 0.000000
vt -2.598076 1.500000 0.000000
vt -4.829629 1.294095 0.000000
vt -1.000000 8.639380 0.000000
vt 8.000000 8.639380 0.000000
vt -1.000000 9.424778 0.000000
vt 8.000000 9.424778 0.000000
vt -1.000000 -9.424778 0.000000
vt 8.000000 -9.424778 0.000000
vt -1.000000 -8.639380 0.000000
vt 8.000000 -8.639380 0.000000
vt -1.000000 -7.853982 0.000000
vt 8.000000 -7.853982 0.000000
vt -1.000000 -7.068583 0.000000
vt 8.000000 -7.068583 0.000000
vt -1.000000 -6.283185 0.000000
vt 8.000000 -6.283185 0.000000
vt -1.000000 -5.497787 0.000000
vt 8.000000 -5.497787 0.000000
vt -1.000000 -4.712389 0.000000
vt 8.000000 -4.712389 0.000000
vt -1.000000 -3.926991 0.000000
vt 8.000000 -3.926991 0.000000
vt -1.000000 -3.141593 0.000000
vt 8.000000 -3.141593 0.000000
vt -1.000000 -2.356194 0.000000
vt 8.000000 -2.356194 0.000000
vt -1.000000 -1.570796 0.000000
vt 8.000000 -1.570796 0.000000
vt -1.000000 -0.785398 0.000000
vt 8.000000 -0.785398 0.000000
vt -1.000000 0.000000 0.000000
vt 8.000000 0.000000 0.000000
vt -1.000000 0.785398 0.000000
vt 8.000000 0.785398 0.000000
vt -1.000000 1.570796 0.000000
vt 8.000000 1.570796 0.000000
vt -1.000000 2.356194 0.000000
vt 8.000000 2.356194 0.000000
vt -1.000000 3.141593 0.000000
vt 8.000000 3.141593 0.000000
vt -1.000000 3.926991 0.000000
vt 8.000000 3.926991 0.000000
vt -1.000000 4.712389 0.000000
vt 8.000000 4.712389 0.000000
vt -1.000000 5.497787 0.000000
vt 8.000000 5.497787 0.000000
vt -1.000000 6.283185 0.000000
vt 8.000000 6.283185 0.000000
vt -1.000000 7.068583 0.000000
vt 8.000000 7.068583 0.000000
vt -1.000000 7.853982 0.000000
vt 8.000000 7.853982 0.000000
vt 4.038874 4.516039 0.000000
vt 0.937715 2.018732 0.000000
vt 4.038874 0.000000 0.000000
vt 1.245308 1.013369 0.000000
vt 1.346291 0.000000 0.000000
vt 4.038874 9.032079 0.000000
vt -4.038874 5.759627 0.000000
vt -2.972944 5.536328 0.000000
vt -1.947422 5.110757 0.000000
vt -4.038874 10.565504 0.000000
vt 4.038874 13.548118 0.000000
vt -4.038874 15.371381 0.000000
vt 4.038874 18.064158 0.000000
vt -4.038874 20.177259 0.000000
vt 4.038874 22.580197 0.000000
vt -4.038874 24.983136 0.000000
vt 4.038874 27.096237 0.000000
vt -4.038874 29.789013 0.000000
vt 4.038874 31.612276 0.000000
vt -4.038874 34.594890 0.000000
vt 4.038874 36.128316 0.000000
vt -4.038874 39.400768 0.000000
vt -2.972944 39.624066 0.000000
vt -1.947422 40.049637 0.000000
vt 4.038874 40.644355 0.000000
vt -1.017121 40.642868 0.000000
vt -0.225509 41.357837 0.000000
vt 0.435547 42.196236 0.000000
vt 0.937715 43.141663 0.000000
vt 4.038874 45.160394 0.000000
vt 1.245308 44.147025 0.000000
vt 1.346291 45.160394 0.000000
vt 1.245308 46.173763 0.000000
vt 0.937715 47.179126 0.000000
vt 4.038874 49.676434 0.000000
vt 0.435547 48.124553 0.000000
vt -0.225509 48.962952 0.000000
vt -1.017121 49.677921 0.000000
vt -1.947422 50.271152 0.000000
vt -2.972944 50.696723 0.000000
vt -4.038874 50.920021 0.000000
vt 4.038874 54.192473 0.000000
vt -4.038874 55.725898 0.000000
vt 4.038874 58.708513 0.000000
vt -4.038874 60.531776 0.000000
vt 4.038874 63.224552 0.000000
vt -4.038874 65.337653 0.000000
vt 4.038874 67.740592 0.000000
vt -4.038874 70.143530 0.000000
vt 4.038874 72.256631 0.000000
vt -4.038874 74.949407 0.000000
vt 4.038874 76.772670 0.000000
vt -4.038874 79.755285 0.000000
vt 4.038874 81.288710 0.000000
vt -4.038874 84.561162 0.000000
vt -2.972944 84.784460 0.000000
vt -1.947422 85.210032 0.000000
vt 4.038874 85.804749 0.000000
vt -1.017121 85.803263 0.000000
vt -0.225509 86.518231 0.000000
vt 0.435547 87.356630 0.000000
vt 0.937715 88.302057 0.000000
vt 4.038874 90.320789 0.000000
vt 1.245308 89.307420 0.000000
vt 1.346291 90.320789 0.000000
vt 1.346291 -90.320789 0.000000
vt 4.038874 -90.320789 0.000000
vt 1.245308 -89.307420 0.000000
vt 0.937715 -88.302057 0.000000
vt 4.038874 -85.804749 0.000000
vt 0.435547 -87.356630 0.000000
vt -0.225509 -86.518231 0.000000
vt -1.017121 -85.803263 0.000000
vt -1.947422 -85.210032 0.000000
vt -2.972944 -84.784460 0.000000
vt -4.038874 -84.561162 0.000000
vt 4.038874 -81.288710 0.000000
vt -4.038874 -79.755285 0.000000
vt 4.038874 -76.772670 0.000000
vt -4.038874 -74.949407 0.000000
vt 4.038874 -72.256631 0.000000
vt -4.038874 -70.143530 0.000000
vt 4.038874 -67.740592 0.000000
vt -4.038874 -65.337653 0.000000
vt 4.038874 -63.224552 0.000000
vt -4.038874 -60.531776 0.000000
vt 4.038874 -58.708513 0.000000
vt -4.038874 -55.725898 0.000000
vt 4.038874 -54.192473 0.000000
vt -4.038874 -50.920021 0.000000
vt -2.972944 -50.696723 0.000000
vt -1.947422 -50.271152 0.000000
vt 4.038874 -49.676434 0.000000
vt -1.017121 -49.677921 0.000000
vt -0.225509 -48.962952 0.000000
vt 0.435547 -48.124553 0.000000
vt 0.937715 -47.179126 0.000000
vt 4.038874 -45.160394 0.000000
vt 1.245308 -46.173763 0.000000
vt 1.346291 -45.160394 0.000000
vt 1.245308 -44.147025 0.000000
vt 0.937715 -43.141663 0.000000
vt 4.038874 -40.644355 0.000000
vt 0.435547 -42.196236 0.000000
vt -0.225509 -41.357837 0.000000
vt -1.017121 -40.642868 0.000000
vt -1.947422 -40.049637 0.000000
vt -2.972944 -39.624066 0.000000
vt -4.038874 -39.400768 0.000000
vt 4.038874 -36.128316 0.000000
vt -4.038874 -34.594890 0.000000
vt 4.038874 -31.612276 0.000000
vt -4.038874 -29.789013 0.000000
vt 4.038874 -27.096237 0.000000
vt -4.038874 -24.983136 0.000000
vt 4.038874 -22.580197 0.000000
vt -4.038874 -20.177259 0.000000
vt 4.038874 -18.064158 0.000000
vt -4.038874 -15.371381 0.000000
vt 4.038874 -13.548118 0.000000
vt -4.038874 -10.565504 0.000000
vt 4.038874 -9.032079 0.000000
vt -4.038874 -5.759627 0.000000
vt -2.972944 -5.536328 0.000000
vt -1.947422 -5.110757 0.000000
vt 4.038874 -4.516039 0.000000
vt -1.017121 -4.517526 0.000000
vt -0.225509 -3.802558 0.000000
vt 0.435547 -2.964158 0.000000
vt 0.937715 -2.018732 0.000000
vt 1.245308 -1.013369 0.000000
vt -1.017121 4.517526 0.000000
vt -0.225509 3.802558 0.000000
vt 0.435547 2.964158 0.000000
vt -4.829629 -1.294095 0.000000
vt -2.897777 -0.776457 0.000000
vt -5.000000 0.000000 0.000000
vt -3.000000 0.000000 0.000000
vt -2.897777 0.776457 0.000000
vt -2.598076 -1.500000 0.000000
vt -4.330127 -2.500000 0.000000
vt -2.121320 -2.121320 0.000000
vt -3.535534 -3.535534 0.000000
vt -1.500000 -2.598076 0.000000
vt -2.500000 -4.330127 0.000000
vt -0.776457 -2.897777 0.000000
vt -1.294095 -4.829629 0.000000
vt -0.000000 -3.000000 0.000000
vt -0.000000 -5.000000 0.000000
vt 1.294095 -4.829629 0.000000
vt 0.776457 -2.897777 0.000000
vt 2.500000 -4.330127 0.000000
vt 1.500000 -2.598076 0.000000
vt 3.535534 -3.535534 0.000000
vt 2.121320 -2.121320 0.000000
vt 4.330127 -2.500000 0.000000
vt 2.598076 -1.500000 0.000000
vt 4.829629 -1.294095 0.000000
vt 2.897777 -0.776457 0.000000
vt 3.000000 -0.000000 0.000000
vt 5.000000 0.000000 0.000000
vt 2.897777 0.776457 0.000000
vt 4.829629 1.294095 0.000000
vt 2.598076 1.500000 0.000000
vt 4.330127 2.500000 0.000000
vt 2.121320 2.121320 0.000000
vt 3.535534 3.535534 0.000000
vt 1.500000 2.598076 0.000000
vt 2.500000 4.330127 0.000000
vt 0.776457 2.897777 0.000000
vt 1.294095 4.829629 0.000000
vt -0.000000 3.000000 0.000000
vt -0.000000 5.000000 0.000000
vt -1.294095 4.829629 0.000000
vt -0.776457 2.897777 0.000000
vt -2.500000 4.330127 0.000000
vt -1.500000 2.598076 0.000000
vt -3.535534 3.535534 0.000000
vt -2.121320 2.121320 0.000000
vt -4.330127 2.500000 0.000000
vt -2.598076 1.500000 0.000000
vt -4.829629 1.294095 0.000000
vt -3.104128 7.343789 0.000000
vt 3.500000 7.853982 0.000000
vt -3.500000 8.354819 0.000000
vt 3.500000 9.162979 0.000000
vt -3.500000 9.580343 0.000000
vt 3.500000 10.471976 0.000000
vt -3.500000 10.805867 0.000000
vt 3.500000 11.780972 0.000000
vt -3.500000 12.031391 0.000000
vt 3.500000 13.089969 0.000000
vt -3.500000 13.256915 0.000000
vt 3.500000 14.398966 0.000000
vt -3.500000 14.482439 0.000000
vt 3.500000 15.707963 0.000000
vt -3.500000 15.707963 0.000000
vt -3.500000 -15.707963 0.000000
vt 3.500000 -15.707963 0.000000
vt -3.500000 -14.482439 0.000000
vt 3.500000 -14.398966 0.000000
vt -3.500000 -13.256915 0.000000
vt 3.500000 -13.089969 0.000000
vt -3.500000 -12.031391 0.000000
vt 3.500000 -11.780972 0.000000
vt -3.500000 -10.805867 0.000000
vt 3.500000 -10.471976 0.000000
vt -3.500000 -9.580343 0.000000
vt 3.500000 -9.162979 0.000000
vt -3.500000 -8.354819 0.000000
vt 3.500000 -7.853982 0.000000
vt -3.104128 -7.343789 0.000000
vt 3.500000 -6.544985 0.000000
vt -2.723255 -6.312356 0.000000
vt 3.500000 -5.235988 0.000000
vt -2.377747 -5.278499 0.000000
vt -2.083751 -4.261366 0.000000
vt 3.500000 -3.926991 0.000000
vt -1.838241 -3.218182 0.000000
vt 3.500000 -2.617994 0.000000
vt -1.651741 -2.143189 0.000000
vt 3.500000 -1.308997 0.000000
vt -1.537504 -1.061870 0.000000
vt 3.500000 0.000000 0.000000
vt -1.500000 -0.000000 0.000000
vt -1.537504 1.061870 0.000000
vt 3.500000 1.308997 0.000000
vt -1.651741 2.143189 0.000000
vt 3.500000 2.617994 0.000000
vt -1.838241 3.218182 0.000000
vt 3.500000 3.926991 0.000000
vt -2.083751 4.261366 0.000000
vt 3.500000 5.235988 0.000000
vt -2.377747 5.278499 0.000000
vt -2.723255 6.312356 0.000000
vt 3.500000 6.544985 0.000000
vt -1.000000 8.639380 0.000000
vt 8.000000 8.639380 0.000000
vt -1.000000 9.424778 0.000000
vt 8.000000 9.424778 0.000000
vt -1.000000 -9.424778 0.000000
vt 8.000000 -9.424778 0.000000
vt -1.000000 -8.639380 0.000000
vt 8.000000 -8.639380 0.000000
vt -1.000000 -7.853982 0.000000
vt 8.000000 -7.853982 0.000000
vt -1.000000 -7.068583 0.000000
vt 8.000000 -7.068583 0.000000
vt -1.000000 -6.283185 0.000000
vt 8.000000 -6.283185 0.000000
vt -1.000000 -5.497787 0.000000
vt 8.000000 -5.497787 0.000000
vt -1.000000 -4.712389 0.000000
vt 8.000000 -4.712389 0.000000
vt -1.000000 -3.926991 0.000000
vt 8.000000 -3.926991 0.000000
vt -1.000000 -3.141593 0.000000
vt 8.000000 -3.141593 0.000000
vt -1.000000 -2.356194 0.000000
vt 8.000000 -2.356194 0.000000
vt -1.000000 -1.570796 0.000000
vt 8.000000 -1.570796 0.000000
vt -1.000000 -0.785398 0.000000
vt 8.000000 -0.785398 0.000000
vt -1.000000 0.000000 0.000000
vt 8.000000 0.000000 0.000000
vt -1.000000 0.785398 0.000000
vt 8.000000 0.785398 0.000000
vt -1.000000 1.570796 0.000000
vt 8.000000 1.570796 0.000000
vt -1.000000 2.356194 0.000000
vt 8.000000 2.356194 0.000000
vt -1.000000 3.141593 0.000000
vt 8.000000 3.141593 0.000000
vt -1.000000 3.926991 0.000000
vt 8.000000 3.926991 0.000000
vt -1.000000 4.712389 0.000000
vt 8.000000 4.712389 0.000000
vt -1.000000 5.497787 0.000000
vt 8.000000 5.497787 0.000000
vt -1.000000 6.283185 0.000000
vt 8.000000 6.283185 0.000000
vt -1.000000 7.068583 0.000000
vt 8.000000 7.068583 0.000000
vt -1.000000 7.853982 0.000000
vt 8.000000 7.853982 0.000000
vt 9.659258 2.588190 0.000000
vt -9.659258 2.588190 0.000000
vt 10.000000 0.000000 0.000000
vt -10.000000 0.000000 0.000000
vt 9.659258 -2.588190 0.000000
vt -9.659258 -2.588190 0.000000
vt 8.660254 -5.000000 0.000000
vt -8.660254 -5.000000 0.000000
vt 7.071068 -7.071068 0.000000
vt -7.071068 -7.071068 0.000000
vt 5.000000 -8.660254 0.000000
vt -5.000000 -8.660254 0.000000
vt 2.588190 -9.659258 0.000000
vt -2.588190 -9.659258 0.000000
vt -0.000000 -10.000000 0.000000
vt -8.660254 5.000000 0.000000
vt 8.660254 5.000000 0.000000
vt -7.071068 7.071068 0.000000
vt 7.071068 7.071068 0.000000
vt -5.000000 8.660254 0.000000
vt 5.000000 8.660254 0.000000
vt -2.588190 9.659258 0.000000
vt 2.588190 9.659258 0.000000
vt -0.000000 10.000000 0.000000
vt 3.500000 1.308997 0.000000
vt -3.104128 0.510193 0.000000
vt 3.500000 0.000000 0.000000
vt -3.500000 -0.500837 0.000000
vt 3.500000 -1.308997 0.000000
vt -3.500000 -1.726361 0.000000
vt 3.500000 -2.617994 0.000000
vt -3.500000 -2.951885 0.000000
vt 3.500000 -3.926991 0.000000
vt -3.500000 -4.177409 0.000000
vt 3.500000 -5.235988 0.000000
vt -3.500000 -5.402933 0.000000
vt 3.500000 -6.544985 0.000000
vt -3.500000 -6.628458 0.000000
vt 3.500000 -7.853982 0.000000
vt -3.500000 -7.853982 0.000000
vt -3.500000 -9.079506 0.000000
vt -2.723255 1.541626 0.000000
vt 3.500000 2.617994 0.000000
vt -2.377747 2.575483 0.000000
vt -2.083751 3.592616 0.000000
vt 3.500000 3.926991 0.000000
vt -1.838241 4.635800 0.000000
vt 3.500000 5.235988 0.000000
vt -1.651741 5.710793 0.000000
vt 3.500000 6.544985 0.000000
vt -1.537504 6.792111 0.000000
vt 3.500000 7.853982 0.000000
vt -1.500000 7.853982 0.000000
vt -1.537504 8.915852 0.000000
vt 3.500000 9.162979 0.000000
vt -1.651741 9.997170 0.000000
vt 3.500000 10.471976 0.000000
vt -1.838241 11.072164 0.000000
vt 3.500000 11.780972 0.000000
vt -2.083751 12.115347 0.000000
vt 3.500000 13.089969 0.000000
vt -2.377747 13.132481 0.000000
vt -2.723255 14.166337 0.000000
vt 3.500000 14.398966 0.000000
vt -3.104128 15.197771 0.000000
vt 3.500000 15.707963 0.000000
vt -3.500000 16.208800 0.000000
vt -3.500000 -15.207126 0.000000
vt 3.500000 -15.707963 0.000000
vt 3.500000 -14.398966 0.000000
vt -3.500000 -13.981602 0.000000
vt 3.500000 -13.089969 0.000000
vt -3.500000 -12.756078 0.000000
vt 3.500000 -11.780972 0.000000
vt -3.500000 -11.530554 0.000000
vt 3.500000 -10.471976 0.000000
vt -3.500000 -10.305030 0.000000
vt 3.500000 -9.162979 0.000000
vt -4.829629 -1.294095 0.000000
vt -2.897777 -0.776457 0.000000
vt -5.000000 0.000000 0.000000
vt -3.000000 0.000000 0.000000
vt -2.897777 0.776457 0.000000
vt -2.598076 -1.500000 0.000000
vt -4.330127 -2.500000 0.000000
vt -2.121320 -2.121320 0.000000
vt -3.535534 -3.535534 0.000000
vt -1.500000 -2.598076 0.000000
vt -2.500000 -4.330127 0.000000
vt -0.776457 -2.897777 0.000000
vt -1.294095 -4.829629 0.000000
vt -0.000000 -3.000000 0.000000
vt 0.000000 -5.000000 0.000000
vt 1.294095 -4.829629 0.000000
vt 0.776457 -2.897777 0.000000
vt 2.500000 -4.330127 0.000000
vt 1.500000 -2.598076 0.000000
vt 3.535534 -3.535534 0.000000
vt 2.121320 -2.121320 0.000000
vt 4.330127 -2.500000 0.000000
vt 2.598076 -1.500000 0.000000
vt 4.829629 -1.294095 0.000000
vt 2.897777 -0.776457 0.000000
vt 3.000000 0.000000 0.000000
vt 5.000000 0.000000 0.000000
vt 2.897777 0.776457 0.000000
vt 4.829629 1.294095 0.000000
vt 2.598076 1.500000 0.000000
vt 4.330127 2.500000 0.000000
vt 2.121320 2.121320 0.000000
vt 3.535534 3.535534 0.000000
vt 1.500000 2.598076 0.000000
vt 2.500000 4.330127 0.000000
vt 0.776457 2.897777 0.000000
vt 1.294095 4.829629 0.000000
vt -0.000000 3.000000 0.000000
vt -0.000000 5.000000 0.000000
vt -1.294095 4.829629 0.000000
vt -0.776457 2.897777 0.000000
vt -2.500000 4.330127 0.000000
vt -1.500000 2.598076 0.000000
vt -3.535534 3.535534 0.000000
vt -2.121320 2.121320 0.000000
vt -4.330127 2.500000 0.000000
vt -2.598076 1.500000 0.000000
vt -4.829629 1.294095 0.000000
vt -1.000000 8.639380 0.000000
vt 8.000000 8.639380 0.000000
vt -1.000000 9.424778 0.000000
vt 8.000000 9.424778 0.000000
vt -1.000000 -9.424778 0.000000
vt 8.000000 -9.424778 0.000000
vt -1.000000 -8.639380 0.000000
vt 8.000000 -8.639380 0.000000
vt -1.000000 -7.853982 0.000000
vt 8.000000 -7.853982 0.000000
vt -1.000000 -7.068583 0.000000
vt 8.000000 -7.068583 0.000000
vt -1.000000 -6.283185 0.000000
vt 8.000000 -6.283185 0.000000
vt -1.000000 -5.497787 0.000000
vt 8.000000 -5.497787 0.000000
vt -1.000000 -4.712389 0.000000
vt 8.000000 -4.712389 0.000000
vt -1.000000 -3.926991 0.000000
vt 8.000000 -3.926991 0.000000
vt -1.000000 -3.141593 0.000000
vt 8.000000 -3.141593 0.000000
vt -1.000000 -2.356194 0.000000
vt 8.000000 -2.356194 0.000000
vt -1.000000 -1.570796 0.000000
vt 8.000000 -1.570796 0.000000
vt -1.000000 -0.785398 0.000000
vt 8.000000 -0.785398 0.000000
vt -1.000000 0.000000 0.000000
vt 8.000000 0.000000 0.000000
vt -1.000000 0.785398 0.000000
vt 8.000000 0.785398 0.000000
vt -1.000000 1.570796 0.000000
vt 8.000000 1.570796 0.000000
vt -1.000000 2.356194 0.000000
vt 8.000000 2.356194 0.000000
vt -1.000000 3.141593 0.000000
vt 8.000000 3.141593 0.000000
vt -1.000000 3.926991 0.000000
vt 8.000000 3.926991 0.000000
vt -1.000000 4.712389 0.000000
vt 8.000000 4.712389 0.000000
vt -1.000000 5.497787 0.000000
vt 8.000000 5.497787 0.000000
vt -1.000000 6.283185 0.000000
vt 8.000000 6.283185 0.000000
vt -1.000000 7.068583 0.000000
vt 8.000000 7.068583 0.000000
vt -1.000000 7.853982 0.000000
vt 8.000000 7.853982 0.000000
vt -4.829629 -1.294095 0.000000
vt -2.897777 -0.776457 0.000000
vt -5.000000 0.000000 0.000000
vt -3.000000 0.000000 0.000000
vt -2.897777 0.776457 0.000000
vt -2.598076 -1.500000 0.000000
vt -4.330127 -2.500000 0.000000
vt -2.121320 -2.121320 0.000000
vt -3.535534 -3.535534 0.000000
vt -1.500000 -2.598076 0.000000
vt -2.500000 -4.330127 0.000000
vt -0.776457 -2.897777 0.000000
vt -1.294095 -4.829629 0.000000
vt -0.000000 -3.000000 0.000000
vt -0.000000 -5.000000 0.000000
vt 1.294095 -4.829629 0.000000
vt 0.776457 -2.897777 0.000000
vt 2.500000 -4.330127 0.000000
vt 1.500000 -2.598076 0.000000
vt 3.535534 -3.535534 0.000000
vt 2.121320 -2.121320 0.000000
vt 4.330127 -2.500000 0.000000
vt 2.598076 -1.500000 0.000000
vt 4.829629 -1.294095 0.000000
vt 2.897777 -0.776457 0.000000
vt 3.000000 -0.000000 0.000000
vt 5.000000 0.000000 0.000000
vt 2.897777 0.776457 0.000000
vt 4.829629 1.294095 0.000000
vt 2.598076 1.500000 0.000000
vt 4.330127 2.500000 0.000000
vt 2.121320 2.121320 0.000000
vt 3.535534 3.535534 0.000000
vt 1.500000 2.598076 0.000000
vt 2.500000 4.330127 0.000000
vt 0.776457 2.897777 0.000000
vt 1.294095 4.829629 0.000000
vt -0.000000 3.000000 0.000000
vt -0.000000 5.000000 0.000000
vt -1.294095 4.829629 0.000000
vt -0.776457 2.897777 0.000000
vt -2.500000 4.330127 0.000000
vt -1.500000 2.598076 0.000000
vt -3.535534 3.535534 0.000000
vt -2.121320 2.121320 0.000000
vt -4.330127 2.500000 0.000000
vt -2.598076 1.500000 0.000000
vt -4.829629 1.294095 0.000000
vt -3.104128 -8.364174 0.000000
vt 3.500000 -7.853982 0.000000
vt -3.500000 -7.353145 0.000000
vt 3.500000 -6.544985 0.000000
vt -3.500000 -6.127620 0.000000
vt 3.500000 -5.235988 0.000000
vt -3.500000 -4.902096 0.000000
vt 3.500000 -3.926991 0.000000
vt -3.500000 -3.676572 0.000000
vt 3.500000 -2.617994 0.000000
vt -3.500000 -2.451048 0.000000
vt 3.500000 -1.308997 0.000000
vt -3.500000 -1.225524 0.000000
vt 3.500000 0.000000 0.000000
vt -3.500000 0.000000 0.000000
vt -3.500000 1.225524 0.000000
vt 3.500000 1.308997 0.000000
vt -3.500000 2.451048 0.000000
vt 3.500000 2.617994 0.000000
vt -3.500000 3.676572 0.000000
vt 3.500000 3.926991 0.000000
vt -3.500000 4.902096 0.000000
vt 3.500000 5.235988 0.000000
vt -3.500000 6.127620 0.000000
vt 3.500000 6.544985 0.000000
vt -3.500000 7.353145 0.000000
vt 3.500000 7.853982 0.000000
vt -3.104128 8.364174 0.000000
vt 3.500000 9.162979 0.000000
vt -2.723255 9.395607 0.000000
vt 3.500000 10.471976 0.000000
vt -2.377747 10.429464 0.000000
vt -2.083751 11.446598 0.000000
vt 3.500000 11.780972 0.000000
vt -1.838241 12.489781 0.000000
vt 3.500000 13.089969 0.000000
vt -1.651741 13.564775 0.000000
vt 3.500000 14.398966 0.000000
vt -1.537504 14.646093 0.000000
vt 3.500000 15.707963 0.000000
vt -1.500000 15.707963 0.000000
vt -1.500000 -15.707963 0.000000
vt 3.500000 -15.707963 0.000000
vt -1.537504 -14.646093 0.000000
vt 3.500000 -14.398966 0.000000
vt -1.651741 -13.564775 0.000000
vt 3.500000 -13.089969 0.000000
vt -1.838241 -12.489781 0.000000
vt 3.500000 -11.780972 0.000000
vt -2.083751 -11.446598 0.000000
vt 3.500000 -10.471976 0.000000
vt -2.377747 -10.429464 0.000000
vt -2.723255 -9.395607 0.000000
vt 3.500000 -9.162979 0.000000
vt -1.000000 8.639380 0.000000
vt 8.000000 8.639380 0.000000
vt -1.000000 9.424778 0.000000
vt 8.000000 9.424778 0.000000
vt -1.000000 -9.424778 0.000000
vt 8.000000 -9.424778 0.000000
vt -1.000000 -8.639380 0.000000
vt 8.000000 -8.639380 0.000000
vt -1.000000 -7.853982 0.000000
vt 8.000000 -7.853982 0.000000
vt -1.000000 -7.068583 0.000000
vt 8.000000 -7.068583 0.000000
vt -1.000000 -6.283185 0.000000
vt 8.000000 -6.283185 0.000000
vt -1.000000 -5.497787 0.000000
vt 8.000000 -5.497787 0.000000
vt -1.000000 -4.712389 0.000000
vt 8.000000 -4.712389 0.000000
vt -1.000000 -3.926991 0.000000
vt 8.000000 -3.926991 0.000000
vt -1.000000 -3.141593 0.000000
vt 8.000000 -3.141593 0.000000
vt -1.000000 -2.356194 0.000000
vt 8.000000 -2.356194 0.000000
vt -1.000000 -1.570796 0.000000
vt 8.000000 -1.570796 0.000000
vt -1.000000 -0.785398 0.000000
vt 8.000000 -0.785398 0.000000
vt -1.000000 0.000000 0.000000
vt 8.000000 0.000000 0.000000
vt -1.000000 0.785398 0.000000
vt 8.000000 0.785398 0.000000
vt -1.000000 1.570796 0.000000
vt 8.000000 1.570796 0.000000
vt -1.000000 2.356194 0.000000
vt 8.000000 2.356194 0.000000
vt -1.000000 3.141593 0.000000
vt 8.000000 3.141593 0.000000
vt -1.000000 3.926991 0.000000
vt 8.000000 3.926991 0.000000
vt -1.000000 4.712389 0.000000
vt 8.000000 4.712389 0.000000
vt -1.000000 5.497787 0.000000
vt 8.000000 5.497787 0.000000
vt -1.000000 6.283185 0.000000
vt 8.000000 6.283185 0.000000
vt -1.000000 7.068583 0.000000
vt 8.000000 7.068583 0.000000
vt -1.000000 7.853982 0.000000
vt 8.000000 7.853982 0.000000
vt 29.602223 25.776457 0.000000
vt 22.456948 30.909337 0.000000
vt 29.500000 25.000000 0.000000
vt 17.745309 28.957712 0.000000
vt 29.602223 24.223543 0.000000
vt 29.901924 23.500000 0.000000
vt 13.396979 26.293052 0.000000
vt 30.378680 22.878680 0.000000
vt 9.519030 22.980970 0.000000
vt 9.621320 2.121320 0.000000
vt 6.206948 19.103021 0.000000
vt 9.000000 2.598076 0.000000
vt 3.542288 14.754691 0.000000
vt 8.276457 2.897777 0.000000
vt 7.500000 3.000000 0.000000
vt 1.590663 10.043052 0.000000
vt 6.723543 2.897777 0.000000
vt 6.000000 2.598076 0.000000
vt 0.400129 5.084120 0.000000
vt 5.378680 2.121320 0.000000
vt 4.901924 1.500000 0.000000
vt 0.000000 0.000000 0.000000
vt 4.602223 0.776457 0.000000
vt 4.500000 0.000000 0.000000
vt 4.602223 -0.776457 0.000000
vt 4.901924 -1.500000 0.000000
vt 0.400129 -5.084120 0.000000
vt 5.378680 -2.121320 0.000000
vt 6.000000 -2.598076 0.000000
vt 1.590663 -10.043052 0.000000
vt 6.723543 -2.897777 0.000000
vt 7.500000 -3.000000 0.000000
vt 3.542288 -14.754691 0.000000
vt 8.276457 -2.897777 0.000000
vt 9.000000 -2.598076 0.000000
vt 6.206948 -19.103021 0.000000
vt 9.621320 -2.121320 0.000000
vt 9.519030 -22.980970 0.000000
vt 30.378680 -22.878680 0.000000
vt 13.396979 -26.293052 0.000000
vt 29.901924 -23.500000 0.000000
vt 17.745309 -28.957712 0.000000
vt 29.602223 -24.223543 0.000000
vt 29.500000 -25.000000 0.000000
vt 22.456948 -30.909337 0.000000
vt 29.602223 -25.776457 0.000000
vt 29.901924 -26.500000 0.000000
vt 27.415880 -32.099871 0.000000
vt 30.378680 -27.121320 0.000000
vt 31.000000 -27.598076 0.000000
vt 32.500000 -32.500000 0.000000
vt 31.723543 -27.897777 0.000000
vt 32.500000 -28.000000 0.000000
vt 33.276457 -27.897777 0.000000
vt 34.000000 -27.598076 0.000000
vt 37.584120 -32.099871 0.000000
vt 34.621320 -27.121320 0.000000
vt 35.098076 -26.500000 0.000000
vt 42.543052 -30.909337 0.000000
vt 35.397777 -25.776457 0.000000
vt 35.500000 -25.000000 0.000000
vt 47.254691 -28.957712 0.000000
vt 35.397777 -24.223543 0.000000
vt 35.098076 -23.500000 0.000000
vt 51.603021 -26.293052 0.000000
vt 34.621320 -22.878680 0.000000
vt 55.480970 -22.980970 0.000000
vt 55.378680 -2.121320 0.000000
vt 58.793052 -19.103021 0.000000
vt 56.000000 -2.598076 0.000000
vt 61.457712 -14.754691 0.000000
vt 56.723543 -2.897777 0.000000
vt 57.500000 -3.000000 0.000000
vt 63.409337 -10.043052 0.000000
vt 58.276457 -2.897777 0.000000
vt 59.000000 -2.598076 0.000000
vt 64.599871 -5.084120 0.000000
vt 59.621320 -2.121320 0.000000
vt 60.098076 -1.500000 0.000000
vt 65.000000 0.000000 0.000000
vt 60.397777 -0.776457 0.000000
vt 60.500000 0.000000 0.000000
vt 60.397777 0.776457 0.000000
vt 60.098076 1.500000 0.000000
vt 64.599871 5.084120 0.000000
vt 59.621320 2.121320 0.000000
vt 59.000000 2.598076 0.000000
vt 63.409337 10.043052 0.000000
vt 58.276457 2.897777 0.000000
vt 57.500000 3.000000 0.000000
vt 61.457712 14.754691 0.000000
vt 56.723543 2.897777 0.000000
vt 56.000000 2.598076 0.000000
vt 58.793052 19.103021 0.000000
vt 55.378680 2.121320 0.000000
vt 55.480970 22.980970 0.000000
vt 34.621320 22.878680 0.000000
vt 51.603021 26.293052 0.000000
vt 35.098076 23.500000 0.000000
vt 47.254691 28.957712 0.000000
vt 35.397777 24.223543 0.000000
vt 35.500000 25.000000 0.000000
vt 42.543052 30.909337 0.000000
vt 35.397777 25.776457 0.000000
vt 35.098076 26.500000 0.000000
vt 37.584120 32.099871 0.000000
vt 34.621320 27.121320 0.000000
vt 34.000000 27.598076 0.000000
vt 32.500000 32.500000 0.000000
vt 33.276457 27.897777 0.000000
vt 32.500000 28.000000 0.000000
vt 31.723543 27.897777 0.000000
vt 31.000000 27.598076 0.000000
vt 27.415880 32.099871 0.000000
vt 30.378680 27.121320 0.000000
vt 29.901924 26.500000 0.000000
vt 34.000000 22.401924 0.000000
vt 54.901924 1.500000 0.000000
vt 33.276457 22.102223 0.000000
vt 54.602223 0.776457 0.000000
vt 32.500000 22.000000 0.000000
vt 54.500000 0.000000 0.000000
vt 10.500000 0.000000 0.000000
vt 32.500000 -22.000000 0.000000
vt 10.397777 -0.776457 0.000000
vt 31.723543 -22.102223 0.000000
vt 10.098076 -1.500000 0.000000
vt 31.000000 -22.401924 0.000000
vt 10.397777 0.776457 0.000000
vt 31.723543 22.102223 0.000000
vt 10.098076 1.500000 0.000000
vt 31.000000 22.401924 0.000000
vt 54.602223 -0.776457 0.000000
vt 33.276457 -22.102223 0.000000
vt 54.901924 -1.500000 0.000000
vt 34.000000 -22.401924 0.000000
vt 6.500000 5.105088 0.000000
vt -6.500000 5.105088 0.000000
vt 6.500000 0.000000 0.000000
vt -6.500000 0.000000 0.000000
vt 6.500000 -5.105088 0.000000
vt -6.500000 -5.105088 0.000000
vt 6.500000 -10.210176 0.000000
vt -6.500000 -10.210176 0.000000
vt 6.500000 -15.315264 0.000000
vt -6.500000 -15.315264 0.000000
vt 6.500000 -20.420352 0.000000
vt -6.500000 -20.420352 0.000000
vt 6.500000 -25.525440 0.000000
vt -6.500000 -25.525440 0.000000
vt 6.500000 -30.630528 0.000000
vt -6.500000 -30.630528 0.000000
vt 6.500000 -35.735616 0.000000
vt -6.500000 -35.735616 0.000000
vt 6.500000 -40.840704 0.000000
vt -6.500000 -40.840704 0.000000
vt 6.500000 -45.945793 0.000000
vt -6.500000 -45.945793 0.000000
vt 6.500000 -51.050881 0.000000
vt -6.500000 -51.050881 0.000000
vt 6.500000 -56.155969 0.000000
vt -6.500000 -56.155969 0.000000
vt 6.500000 -61.261057 0.000000
vt -6.500000 -61.261057 0.000000
vt 6.500000 -66.366145 0.000000
vt -6.500000 -66.366145 0.000000
vt 6.500000 -71.471233 0.000000
vt -6.500000 -71.471233 0.000000
vt 6.500000 -76.576321 0.000000
vt -6.500000 -76.576321 0.000000
vt 6.500000 -81.681409 0.000000
vt -6.500000 -81.681409 0.000000
vt 6.500000 -86.786497 0.000000
vt -6.500000 -86.786497 0.000000
vt 6.500000 -91.891585 0.000000
vt -6.500000 -91.891585 0.000000
vt 6.500000 -96.996673 0.000000
vt -6.500000 -96.996673 0.000000
vt 6.500000 -102.101761 0.000000
vt -6.500000 -102.101761 0.000000
vt 6.500000 102.101761 0.000000
vt -6.500000 102.101761 0.000000
vt 6.500000 96.996673 0.000000
vt -6.500000 96.996673 0.000000
vt 6.500000 91.891585 0.000000
vt -6.500000 91.891585 0.000000
vt 6.500000 86.786497 0.000000
vt -6.500000 86.786497 0.000000
vt 6.500000 81.681409 0.000000
vt -6.500000 81.681409 0.000000
vt 6.500000 76.576321 0.000000
vt -6.500000 76.576321 0.000000
vt 6.500000 71.471233 0.000000
vt -6.500000 71.471233 0.000000
vt 6.500000 66.366145 0.000000
vt -6.500000 66.366145 0.000000
vt 6.500000 61.261057 0.000000
vt -6.500000 61.261057 0.000000
vt 6.500000 56.155969 0.000000
vt -6.500000 56.155969 0.000000
vt 6.500000 51.050881 0.000000
vt -6.500000 51.050881 0.000000
vt 6.500000 45.945793 0.000000
vt -6.500000 45.945793 0.000000
vt 6.500000 40.840704 0.000000
vt -6.500000 40.840704 0.000000
vt 6.500000 35.735616 0.000000
vt -6.500000 35.735616 0.000000
vt 6.500000 30.630528 0.000000
vt -6.500000 30.630528 0.000000
vt 6.500000 25.525440 0.000000
vt -6.500000 25.525440 0.000000
vt 6.500000 20.420352 0.000000
vt -6.500000 20.420352 0.000000
vt 6.500000 15.315264 0.000000
vt -6.500000 15.315264 0.000000
vt 6.500000 10.210176 0.000000
vt -6.500000 10.210176 0.000000
vn 0.000000 -0.981316 0.192401
vn 0.000000 -0.981287 0.192550
vn 0.000000 -1.000000 0.000000
vn 0.000000 -1.000000 0.000000
vn 0.000000 -0.981316 -0.192401
vn 0.000000 -0.981287 -0.192550
vn 0.000000 -0.923749 -0.382998
vn 0.000000 -0.923821 0.382824
vn 0.000000 -0.923749 0.382998
vn 0.000000 -0.829819 0.558032
vn 0.000000 -0.829750 0.558135
vn 0.000000 -0.707108 0.707105
vn 0.000000 -0.707114 0.707100
vn 0.000000 -0.558149 0.829741
vn 0.000000 -0.558035 0.829818
vn 0.000000 -0.383007 0.923745
vn 0.000000 -0.382825 0.923821
vn 0.000000 -0.192552 0.981287
vn 0.000000 -0.192402 0.981316
vn 0.000000 -0.000000 1.000000
vn -0.000000 0.000000 1.000000
vn -0.000000 0.192402 0.981316
vn -0.000000 0.192552 0.981287
vn -0.000000 0.382825 0.923821
vn -0.000000 0.383007 0.923745
vn -0.000000 0.558035 0.829818
vn -0.000000 0.558149 0.829741
vn -0.000000 0.707108 0.707105
vn -0.000000 0.707114 0.707100
vn -0.000000 0.829819 0.558032
vn -0.000000 0.829750 0.558135
vn -0.000000 0.923821 0.382824
vn -0.000000 0.923749 0.382998
vn -0.000000 0.981316 0.192401
vn -0.000000 0.981287 0.192550
vn -0.000000 1.000000 0.000000
vn -0.000000 1.000000 0.000000
vn 0.000000 0.981287 -0.192550
vn 0.000000 0.981316 -0.192401
vn 0.000000 0.923821 -0.382824
vn 0.000000 0.923749 -0.382998
vn 0.000000 0.829819 -0.558032
vn 0.000000 0.829750 -0.558135
vn 0.000000 0.707108 -0.707105
vn 0.000000 0.707114 -0.707100
vn 0.000000 0.558149 -0.829741
vn 0.000000 0.558035 -0.829818
vn 0.000000 0.383007 -0.923745
vn 0.000000 0.382825 -0.923821
vn 0.000000 0.192552 -0.981287
vn 0.000000 0.192402 -0.981316
vn 0.000000 0.000000 -1.000000
vn 0.000000 -0.000000 -1.000000
vn 0.000000 -0.192402 -0.981316
vn 0.000000 -0.192552 -0.981287
vn 0.000000 -0.382825 -0.923821
vn 0.000000 -0.383007 -0.923745
vn 0.000000 -0.558035 -0.829818
vn 0.000000 -0.558149 -0.829741
vn 0.000000 -0.707108 -0.707105
vn 0.000000 -0.707114 -0.707100
vn 0.000000 -0.829819 -0.558032
vn 0.000000 -0.829750 -0.558135
vn 0.000000 -0.923821 -0.382824
vn 0.000000 -0.981287 0.192550
vn 0.000000 -0.981316 0.192401
vn 0.000000 -1.000000 -0.000000
vn 0.000000 -1.000000 0.000000
vn 0.000000 -0.981316 -0.192401
vn 0.000000 -0.923749 0.382998
vn 0.000000 -0.923821 0.382824
vn 0.000000 -0.829750 0.558135
vn 0.000000 -0.829819 0.558032
vn 0.000000 -0.707108 0.707105
vn 0.000000 -0.707114 0.707100
vn 0.000000 -0.558149 0.829741
vn 0.000000 -0.558035 0.829818
vn 0.000000 -0.383007 0.923745
vn 0.000000 -0.382825 0.923821
vn 0.000000 -0.192552 0.981287
vn 0.000000 -0.192402 0.981316
vn 0.000000 -0.000000 1.000000
vn -0.000000 0.000000 1.000000
vn -0.000000 0.192402 0.981316
vn -0.000000 0.192552 0.981287
vn -0.000000 0.382825 0.923821
vn -0.000000 0.383007 0.923745
vn -0.000000 0.558035 0.829818
vn -0.000000 0.558149 0.829741
vn -0.000000 0.707108 0.707105
vn -0.000000 0.707114 0.707100
vn -0.000000 0.829819 0.558032
vn -0.000000 0.829750 0.558135
vn -0.000000 0.923749 0.382998
vn -0.000000 0.923821 0.382824
vn -0.000000 0.981287 0.192550
vn -0.000000 0.981316 0.192401
vn -0.000000 1.000000 0.000000
vn -0.000000 1.000000 0.000000
vn 0.000000 0.981316 -0.192401
vn 0.000000 0.981287 -0.192550
vn 0.000000 0.923749 -0.382998
vn 0.000000 0.923821 -0.382824
vn 0.000000 0.829750 -0.558135
vn 0.000000 0.829819 -0.558032
vn 0.000000 0.707108 -0.707105
vn 0.000000 0.707114 -0.707100
vn 0.000000 0.558149 -0.829741
vn 0.000000 0.558035 -0.829818
vn 0.000000 0.383007 -0.923745
vn 0.000000 0.382825 -0.923821
vn 0.000000 0.192552 -0.981287
vn 0.000000 0.192402 -0.981316
vn 0.000000 0.000000 -1.000000
vn 0.000000 -0.000000 -1.000000
vn 0.000000 -0.192402 -0.981316
vn 0.000000 -0.192552 -0.981287
vn 0.000000 -0.382825 -0.923821
vn 0.000000 -0.383007 -0.923745
vn 0.000000 -0.558035 -0.829818
vn 0.000000 -0.558149 -0.829741
vn 0.000000 -0.707108 -0.707105
vn 0.000000 -0.707114 -0.707100
vn 0.000000 -0.829819 -0.558032
vn 0.000000 -0.829750 -0.558135
vn 0.000000 -0.923749 -0.382998
vn 0.000000 -0.923821 -0.382824
vn 0.000000 -0.981287 -0.192550
vn 0.981316 -0.000000 0.192401
vn 0.981287 -0.000000 0.192550
vn 1.000000 -0.000000 0.000000
vn 1.000000 -0.000000 0.000000
vn 0.981316 0.000000 -0.192401
vn 0.981287 0.000000 -0.192550
vn 0.923749 0.000000 -0.382998
vn 0.923821 -0.000000 0.382824
vn 0.923749 -0.000000 0.382998
vn 0.829819 -0.000000 0.558032
vn 0.829750 -0.000000 0.558135
vn 0.707108 -0.000000 0.707105
vn 0.707114 -0.000000 0.707100
vn 0.558149 -0.000000 0.829741
vn 0.558035 -0.000000 0.829818
vn 0.383007 -0.000000 0.923745
vn 0.382825 -0.000000 0.923821
vn 0.192552 -0.000000 0.981287
vn 0.192402 -0.000000 0.981316
vn -0.000000 0.000000 1.000000
vn -0.000000 0.000000 1.000000
vn -0.192402 0.000000 0.981316
vn -0.192552 0.000000 0.981287
vn -0.382825 0.000000 0.923821
vn -0.383007 0.000000 0.923745
vn -0.558035 0.000000 0.829818
vn -0.558149 0.000000 0.829741
vn -0.707108 0.000000 0.707105
vn -0.707114 0.000000 0.707100
vn -0.829819 0.000000 0.558032
vn -0.829750 0.000000 0.558135
vn -0.923821 0.000000 0.382824
vn -0.923749 0.000000 0.382998
vn -0.981316 0.000000 0.192401
vn -0.981287 0.000000 0.192550
vn -1.000000 0.000000 0.000000
vn -1.000000 0.000000 0.000000
vn -0.981287 0.000000 -0.192550
vn -0.981316 0.000000 -0.192401
vn -0.923821 0.000000 -0.382824
vn -0.923749 0.000000 -0.382998
vn -0.829819 0.000000 -0.558032
vn -0.829750 0.000000 -0.558135
vn -0.707108 0.000000 -0.707105
vn -0.707114 0.000000 -0.707100
vn -0.558149 0.000000 -0.829741
vn -0.558035 0.000000 -0.829818
vn -0.383007 0.000000 -0.923745
vn -0.382825 0.000000 -0.923821
vn -0.192552 0.000000 -0.981287
vn -0.192402 0.000000 -0.981316
vn -0.000000 0.000000 -1.000000
vn 0.000000 0.000000 -1.000000
vn 0.192402 0.000000 -0.981316
vn 0.192552 0.000000 -0.981287
vn 0.382825 0.000000 -0.923821
vn 0.383007 0.000000 -0.923745
vn 0.558035 0.000000 -0.829818
vn 0.558149 0.000000 -0.829741
vn 0.707108 0.000000 -0.707105
vn 0.707114 0.000000 -0.707100
vn 0.829819 0.000000 -0.558032
vn 0.829750 0.000000 -0.558135
vn 0.923821 0.000000 -0.382824
vn 0.981287 -0.000000 0.192550
vn 0.981316 -0.000000 0.192401
vn 1.000000 -0.000000 0.000000
vn 1.000000 -0.000000 0.000000
vn 0.981316 0.000000 -0.192401
vn 0.923749 -0.000000 0.382998
vn 0.923821 -0.000000 0.382824
vn 0.829750 -0.000000 0.558135
vn 0.829819 -0.000000 0.558032
vn 0.707108 -0.000000 0.707105
vn 0.707114 -0.000000 0.707100
vn 0.558149 -0.000000 0.829741
vn 0.558035 -0.000000 0.829818
vn 0.383007 -0.000000 0.923745
vn 0.382825 -0.000000 0.923821
vn 0.192552 -0.000000 0.981287
vn 0.192402 -0.000000 0.981316
vn -0.000000 0.000000 1.000000
vn -0.000000 0.000000 1.000000
vn -0.192402 0.000000 0.981316
vn -0.192552 0.000000 0.981287
vn -0.382825 0.000000 0.923821
vn -0.383007 0.000000 0.923745
vn -0.558035 0.000000 0.829818
vn -0.558149 0.000000 0.829741
vn -0.707108 0.000000 0.707105
vn -0.707114 0.000000 0.707100
vn -0.829819 0.000000 0.558032
vn -0.829750 0.000000 0.558135
vn -0.923749 0.000000 0.382998
vn -0.923821 0.000000 0.382824
vn -0.981287 0.000000 0.192550
vn -0.981316 0.000000 0.192401
vn -1.000000 0.000000 0.000000
vn -1.000000 0.000000 0.000000
vn -0.981316 0.000000 -0.192401
vn -0.981287 0.000000 -0.192550
vn -0.923749 0.000000 -0.382998
vn -0.923821 0.000000 -0.382824
vn -0.829750 0.000000 -0.558135
vn -0.829819 0.000000 -0.558032
vn -0.707108 0.000000 -0.707105
vn -0.707114 0.000000 -0.707100
vn -0.558149 0.000000 -0.829741
vn -0.558035 0.000000 -0.829818
vn -0.383007 0.000000 -0.923745
vn -0.382825 0.000000 -0.923821
vn -0.192552 0.000000 -0.981287
vn -0.192402 0.000000 -0.981316
vn -0.000000 0.000000 -1.000000
vn 0.000000 0.000000 -1.000000
vn 0.192402 0.000000 -0.981316
vn 0.192552 0.000000 -0.981287
vn 0.382825 0.000000 -0.923821
vn 0.383007 0.000000 -0.923745
vn 0.558035 0.000000 -0.829818
vn 0.558149 0.000000 -0.829741
vn 0.707108 0.000000 -0.707105
vn 0.707114 0.000000 -0.707100
vn 0.829819 0.000000 -0.558032
vn 0.829750 0.000000 -0.558135
vn 0.923749 0.000000 -0.382998
vn 0.923821 0.000000 -0.382824
vn 0.981287 0.000000 -0.192550
vn -0.986805 -0.161912 0.000000
vn -0.965926 -0.258819 0.000000
vn -0.986294 -0.165000 0.000000
vn -0.965926 -0.258819 0.000000
vn -0.986805 -0.161912 0.000000
vn -0.988316 -0.152419 0.000000
vn -0.990584 -0.136909 0.000000
vn -1.000000 -0.000000 0.000000
vn -0.993170 -0.116674 0.000000
vn -0.995750 -0.092095 0.000000
vn -0.998001 -0.063196 0.000000
vn -0.999495 -0.031771 0.000000
vn -1.000000 -0.000000 0.000000
vn -0.999495 0.031771 0.000000
vn -0.998001 0.063196 0.000000
vn -0.995750 0.092095 0.000000
vn -0.993170 0.116674 0.000000
vn -0.965926 0.258819 0.000000
vn -0.990584 0.136909 0.000000
vn -0.988316 0.152419 0.000000
vn -0.986805 0.161912 0.000000
vn -0.986294 0.165000 0.000000
vn -0.965926 0.258819 0.000000
vn -0.986805 0.161912 0.000000
vn -0.988316 0.152419 0.000000
vn -0.990584 0.136909 0.000000
vn -0.993170 0.116674 0.000000
vn -1.000000 0.000000 0.000000
vn -0.995750 0.092095 0.000000
vn -0.998001 0.063196 0.000000
vn -0.999495 0.031771 0.000000
vn -1.000000 0.000000 0.000000
vn -0.999495 -0.031771 0.000000
vn -0.998001 -0.063196 0.000000
vn -0.995750 -0.092095 0.000000
vn -0.993170 -0.116674 0.000000
vn -0.990584 -0.136909 0.000000
vn -0.988316 -0.152419 0.000000
vn 0.986805 -0.161912 0.000000
vn 0.965926 -0.258819 0.000000
vn 0.986294 -0.165000 0.000000
vn 0.965926 -0.258819 0.000000
vn 0.986805 -0.161912 0.000000
vn 0.988316 -0.152419 0.000000
vn 0.990584 -0.136909 0.000000
vn 0.993170 -0.116674 0.000000
vn 1.000000 0.000000 -0.000000
vn 0.995750 -0.092095 0.000000
vn 0.998001 -0.063196 0.000000
vn 0.999495 -0.031771 0.000000
vn 1.000000 0.000000 -0.000000
vn 0.999495 0.031771 -0.000000
vn 0.998001 0.063196 -0.000000
vn 0.995750 0.092095 -0.000000
vn 0.993170 0.116674 -0.000000
vn 0.990584 0.136909 -0.000000
vn 0.965926 0.258819 -0.000000
vn 0.988316 0.152419 -0.000000
vn 0.986805 0.161912 -0.000000
vn 0.986294 0.165000 -0.000000
vn 0.965926 0.258819 -0.000000
vn 0.986805 0.161912 -0.000000
vn 0.988316 0.152419 -0.000000
vn 0.990584 0.136909 -0.000000
vn 1.000000 0.000000 -0.000000
vn 0.993170 0.116674 -0.000000
vn 0.995750 0.092095 -0.000000
vn 0.998001 0.063196 -0.000000
vn 0.999495 0.031771 -0.000000
vn 1.000000 -0.000000 0.000000
vn 0.999495 -0.031771 0.000000
vn 0.998001 -0.063196 0.000000
vn 0.995750 -0.092095 0.000000
vn 0.993170 -0.116674 0.000000
vn 0.990584 -0.136909 0.000000
vn 0.988316 -0.152419 0.000000
vn 0.161912 -0.986805 0.000000
vn 0.258819 -0.965926 0.000000
vn 0.165000 -0.986294 0.000000
vn 0.258819 -0.965926 0.000000
vn 0.161912 -0.986805 0.000000
vn 0.152419 -0.988316 0.000000
vn 0.136909 -0.990584 0.000000
vn 0.000000 -1.000000 0.000000
vn 0.116674 -0.993170 0.000000
vn 0.092095 -0.995750 0.000000
vn 0.063196 -0.998001 0.000000
vn 0.031771 -0.999495 0.000000
vn 0.000000 -1.000000 0.000000
vn -0.031771 -0.999495 0.000000
vn -0.063196 -0.998001 0.000000
vn -0.092095 -0.995750 0.000000
vn -0.116674 -0.993170 0.000000
vn -0.258819 -0.965926 0.000000
vn -0.136909 -0.990584 0.000000
vn -0.152419 -0.988316 0.000000
vn -0.161912 -0.986805 0.000000
vn -0.165000 -0.986294 0.000000
vn -0.258819 -0.965926 0.000000
vn -0.161912 -0.986805 0.000000
vn -0.152419 -0.988316 0.000000
vn -0.136909 -0.990584 0.000000
vn -0.116674 -0.993170 0.000000
vn 0.000000 -1.000000 0.000000
vn -0.092095 -0.995750 0.000000
vn -0.063196 -0.998001 0.000000
vn -0.031771 -0.999495 0.000000
vn 0.000000 -1.000000 0.000000
vn 0.031771 -0.999495 0.000000
vn 0.063196 -0.998001 0.000000
vn 0.092095 -0.995750 0.000000
vn 0.116674 -0.993170 0.000000
vn 0.136909 -0.990584 0.000000
vn 0.152419 -0.988316 0.000000
vn 0.161912 0.986805 -0.000000
vn 0.258819 0.965926 -0.000000
vn 0.165000 0.986294 -0.000000
vn 0.258819 0.965926 -0.000000
vn 0.161912 0.986805 -0.000000
vn 0.152419 0.988316 -0.000000
vn 0.136909 0.990584 -0.000000
vn 0.116674 0.993170 -0.000000
vn 0.000000 1.000000 -0.000000
vn 0.092095 0.995750 -0.000000
vn 0.063196 0.998001 -0.000000
vn 0.031771 0.999495 -0.000000
vn 0.000000 1.000000 -0.000000
vn -0.031771 0.999495 0.000000
vn -0.063196 0.998001 0.000000
vn -0.092095 0.995750 0.000000
vn -0.116674 0.993170 0.000000
vn -0.136909 0.990584 0.000000
vn -0.258819 0.965926 0.000000
vn -0.152419 0.988316 0.000000
vn -0.161912 0.986805 0.000000
vn -0.165000 0.986294 0.000000
vn -0.258819 0.965926 0.000000
vn -0.161912 0.986805 0.000000
vn -0.152419 0.988316 0.000000
vn -0.136909 0.990584 0.000000
vn 0.000000 1.000000 -0.000000
vn -0.116674 0.993170 0.000000
vn -0.092095 0.995750 0.000000
vn -0.063196 0.998001 0.000000
vn -0.031771 0.999495 0.000000
vn 0.000000 1.000000 -0.000000
vn 0.031771 0.999495 -0.000000
vn 0.063196 0.998001 -0.000000
vn 0.092095 0.995750 -0.000000
vn 0.116674 0.993170 -0.000000
vn 0.136909 0.990584 -0.000000
vn 0.152419 0.988316 -0.000000
vn -0.866025 -0.500000 0.000000
vn -0.866025 -0.500000 0.000000
vn -0.707107 -0.707107 0.000000
vn -0.707107 -0.707107 0.000000
vn -0.500000 -0.866025 0.000000
vn -0.500000 -0.866025 0.000000
vn 0.500000 -0.866025 0.000000
vn 0.500000 -0.866025 0.000000
vn 0.707107 -0.707107 0.000000
vn 0.707107 -0.707107 0.000000
vn 0.866025 -0.500000 0.000000
vn 0.866025 -0.500000 0.000000
vn 0.866025 0.500000 -0.000000
vn 0.866025 0.500000 -0.000000
vn 0.707107 0.707107 -0.000000
vn 0.707107 0.707107 -0.000000
vn 0.500000 0.866025 -0.000000
vn 0.500000 0.866025 -0.000000
vn -0.500000 0.866025 0.000000
vn -0.500000 0.866025 0.000000
vn -0.707107 0.707107 0.000000
vn -0.707107 0.707107 0.000000
vn -0.866025 0.500000 0.000000
vn -0.866025 0.500000 0.000000
vn 0.994157 0.107945 -0.000000
vn 0.974928 0.222521 -0.000000
vn 0.993932 0.110000 -0.000000
vn 0.974928 0.222521 -0.000000
vn 0.994157 0.107945 -0.000000
vn 1.000000 0.000000 -0.000000
vn 0.994823 0.101620 -0.000000
vn 0.995825 0.091280 -0.000000
vn 0.996970 0.077782 -0.000000
vn 0.998114 0.061384 -0.000000
vn 0.999113 0.042111 -0.000000
vn 0.999776 0.021164 -0.000000
vn 1.000000 0.000000 -0.000000
vn 0.999776 -0.021164 -0.000000
vn 0.999113 -0.042111 -0.000000
vn 0.998114 -0.061384 -0.000000
vn 0.996970 -0.077782 -0.000000
vn 0.995825 -0.091280 -0.000000
vn 0.974928 -0.222521 -0.000000
vn 0.994823 -0.101620 -0.000000
vn 0.994157 -0.107945 -0.000000
vn 0.993932 -0.110000 -0.000000
vn 0.974928 -0.222521 -0.000000
vn 0.994157 -0.107945 -0.000000
vn 0.994823 -0.101620 -0.000000
vn 0.995825 -0.091280 -0.000000
vn 1.000000 -0.000000 -0.000000
vn 0.996970 -0.077782 -0.000000
vn 0.998114 -0.061384 -0.000000
vn 0.999113 -0.042111 -0.000000
vn 0.999776 -0.021164 -0.000000
vn 1.000000 -0.000000 -0.000000
vn 0.999776 0.021164 -0.000000
vn 0.999113 0.042111 -0.000000
vn 0.998114 0.061384 -0.000000
vn 0.996970 0.077782 -0.000000
vn 0.995825 0.091280 -0.000000
vn 0.994823 0.101620 -0.000000
vn -0.994157 0.107945 -0.000000
vn -0.974928 0.222521 -0.000000
vn -0.993932 0.110000 -0.000000
vn -0.974928 0.222521 -0.000000
vn -0.994157 0.107945 -0.000000
vn -0.994823 0.101620 -0.000000
vn -0.995825 0.091280 -0.000000
vn -1.000000 -0.000000 0.000000
vn -0.996970 0.077782 -0.000000
vn -0.998114 0.061384 -0.000000
vn -0.999113 0.042111 -0.000000
vn -0.999776 0.021164 -0.000000
vn -1.000000 -0.000000 0.000000
vn -0.999776 -0.021164 0.000000
vn -0.999113 -0.042111 0.000000
vn -0.998114 -0.061384 0.000000
vn -0.996970 -0.077782 0.000000
vn -0.995825 -0.091280 0.000000
vn -0.994823 -0.101620 0.000000
vn -0.994157 -0.107945 0.000000
vn -0.974928 -0.222521 0.000000
vn -0.993932 -0.110000 0.000000
vn -0.974928 -0.222521 0.000000
vn -0.994157 -0.107945 0.000000
vn -1.000000 -0.000000 0.000000
vn -0.994823 -0.101620 0.000000
vn -0.995825 -0.091280 0.000000
vn -0.996970 -0.077782 0.000000
vn -0.998114 -0.061384 0.000000
vn -0.999113 -0.042111 0.000000
vn -0.999776 -0.021164 0.000000
vn -1.000000 0.000000 -0.000000
vn -0.999776 0.021164 -0.000000
vn -0.999113 0.042111 -0.000000
vn -0.998114 0.061384 -0.000000
vn -0.996970 0.077782 -0.000000
vn -0.995825 0.091280 -0.000000
vn -0.994823 0.101620 -0.000000
vn -0.107945 0.994157 -0.000000
vn -0.222521 0.974928 -0.000000
vn -0.110000 0.993932 -0.000000
vn -0.222521 0.974928 -0.000000
vn -0.107945 0.994157 -0.000000
vn -0.000000 1.000000 -0.000000
vn -0.101620 0.994823 -0.000000
vn -0.091280 0.995825 -0.000000
vn -0.077782 0.996970 -0.000000
vn -0.061384 0.998114 -0.000000
vn -0.042111 0.999113 -0.000000
vn -0.021164 0.999776 -0.000000
vn -0.000000 1.000000 -0.000000
vn 0.021164 0.999776 -0.000000
vn 0.042111 0.999113 -0.000000
vn 0.061384 0.998114 -0.000000
vn 0.077782 0.996970 -0.000000
vn 0.091280 0.995825 -0.000000
vn 0.222521 0.974928 -0.000000
vn 0.101620 0.994823 -0.000000
vn 0.107945 0.994157 -0.000000
vn 0.110000 0.993932 -0.000000
vn 0.222521 0.974928 -0.000000
vn 0.107945 0.994157 -0.000000
vn 0.101620 0.994823 -0.000000
vn 0.091280 0.995825 -0.000000
vn -0.000000 1.000000 -0.000000
vn 0.077782 0.996970 -0.000000
vn 0.061384 0.998114 -0.000000
vn 0.042111 0.999113 -0.000000
vn 0.021164 0.999776 -0.000000
vn -0.000000 1.000000 -0.000000
vn -0.021164 0.999776 -0.000000
vn -0.042111 0.999113 -0.000000
vn -0.061384 0.998114 -0.000000
vn -0.077782 0.996970 -0.000000
vn -0.091280 0.995825 -0.000000
vn -0.101620 0.994823 -0.000000
vn -0.107945 -0.994157 0.000000
vn -0.222521 -0.974928 0.000000
vn -0.110000 -0.993932 0.000000
vn -0.222521 -0.974928 0.000000
vn -0.107945 -0.994157 0.000000
vn -0.101620 -0.994823 0.000000
vn -0.091280 -0.995825 0.000000
vn -0.000000 -1.000000 0.000000
vn -0.077782 -0.996970 0.000000
vn -0.061384 -0.998114 0.000000
vn -0.042111 -0.999113 0.000000
vn -0.021164 -0.999776 0.000000
vn -0.000000 -1.000000 0.000000
vn 0.021164 -0.999776 -0.000000
vn 0.042111 -0.999113 -0.000000
vn 0.061384 -0.998114 -0.000000
vn 0.077782 -0.996970 -0.000000
vn 0.091280 -0.995825 -0.000000
vn 0.101620 -0.994823 -0.000000
vn 0.107945 -0.994157 -0.000000
vn 0.222521 -0.974928 -0.000000
vn 0.110000 -0.993932 -0.000000
vn 0.222521 -0.974928 -0.000000
vn 0.107945 -0.994157 -0.000000
vn -0.000000 -1.000000 0.000000
vn 0.101620 -0.994823 -0.000000
vn 0.091280 -0.995825 -0.000000
vn 0.077782 -0.996970 -0.000000
vn 0.061384 -0.998114 -0.000000
vn 0.042111 -0.999113 -0.000000
vn 0.021164 -0.999776 -0.000000
vn -0.000000 -1.000000 0.000000
vn -0.021164 -0.999776 0.000000
vn -0.042111 -0.999113 0.000000
vn -0.061384 -0.998114 0.000000
vn -0.077782 -0.996970 0.000000
vn -0.091280 -0.995825 0.000000
vn -0.101620 -0.994823 0.000000
vn 0.900969 -0.433884 -0.000000
vn 0.900969 -0.433884 -0.000000
vn 0.781831 -0.623490 -0.000000
vn 0.781831 -0.623490 -0.000000
vn 0.623490 -0.781831 -0.000000
vn 0.623490 -0.781831 -0.000000
vn 0.433884 -0.900969 -0.000000
vn 0.433884 -0.900969 -0.000000
vn -0.433884 -0.900969 0.000000
vn -0.433884 -0.900969 0.000000
vn -0.623490 -0.781831 0.000000
vn -0.623490 -0.781831 0.000000
vn -0.781831 -0.623490 0.000000
vn -0.781831 -0.623490 0.000000
vn -0.900969 -0.433884 0.000000
vn -0.900969 -0.433884 0.000000
vn -0.900969 0.433884 -0.000000
vn -0.900969 0.433884 -0.000000
vn -0.781831 0.623490 -0.000000
vn -0.781831 0.623490 -0.000000
vn -0.623490 0.781831 -0.000000
vn -0.623490 0.781831 -0.000000
vn -0.433884 0.900969 -0.000000
vn -0.433884 0.900969 -0.000000
vn 0.433884 0.900969 -0.000000
vn 0.433884 0.900969 -0.000000
vn 0.623490 0.781831 -0.000000
vn 0.623490 0.781831 -0.000000
vn 0.781831 0.623490 -0.000000
vn 0.781831 0.623490 -0.000000
vn 0.900969 0.433884 -0.000000
vn 0.900969 0.433884 -0.000000
vn 0.000000 0.000000 1.000000
vn 0.000000 0.000000 1.000000
vn 0.000000 0.000000 1.000000
vn 0.000000 0.000000 1.000000
vn 0.000000 0.000000 1.000000
vn 0.000000 0.000000 1.000000
vn 0.000000 0.000000 1.000000
vn 0.000000 0.000000 1.000000
vn 0.000000 0.000000 1.000000
vn 0.000000 0.000000 1.000000
vn 0.000000 0.000000 1.000000
vn 0.000000 0.000000 1.000000
vn 0.000000 0.000000 1.000000
vn 0.000000 0.000000 1.000000
vn 0.000000 0.000000 1.000000
vn 0.000000 0.000000 1.000000
vn 0.000000 0.000000 1.000000
vn 0.000000 0.000000 1.000000
vn 0.000000 0.000000 1.000000
vn 0.000000 0.000000 1.000000
vn 0.000000 0.000000 1.000000
vn 0.000000 0.000000 1.000000
vn 0.000000 0.000000 1.000000
vn 0.000000 0.000000 1.000000
vn 0.000000 0.000000 1.000000
vn 0.000000 0.000000 1.000000
vn 0.000000 0.000000 1.000000
vn 0.000000 0.000000 1.000000
vn 0.000000 0.000000 1.000000
vn 0.000000 0.000000 1.000000
vn 0.000000 0.000000 1.000000
vn 0.000000 0.000000 1.000000
vn 0.000000 0.000000 1.000000
vn 0.000000 0.000000 1.000000
vn 0.000000 0.000000 1.000000
vn 0.000000 0.000000 1.000000
vn 0.000000 0.000000 1.000000
vn 0.000000 0.000000 1.000000
vn 0.000000 0.000000 1.000000
vn 0.000000 0.000000 1.000000
vn 0.000000 0.000000 1.000000
vn 0.000000 0.000000 1.000000
vn 0.000000 0.000000 1.000000
vn 0.000000 0.000000 1.000000
vn 0.000000 0.000000 1.000000
vn 0.000000 0.000000 1.000000
vn 0.000000 0.000000 1.000000
vn 0.000000 0.000000 1.000000
vn 0.000000 0.000000 1.000000
vn 0.000000 0.000000 1.000000
vn 0.000000 0.000000 1.000000
vn 0.000000 0.000000 1.000000
vn 0.000000 0.000000 1.000000
vn 0.000000 0.000000 1.000000
vn 0.000000 0.000000 1.000000
vn 0.000000 0.000000 1.000000
vn 0.000000 0.000000 1.000000
vn 0.000000 0.000000 1.000000
vn 0.000000 0.000000 1.000000
vn 0.000000 0.000000 1.000000
vn 0.000000 0.000000 1.000000
vn 0.000000 0.000000 1.000000
vn 0.000000 0.000000 1.000000
vn 0.000000 0.000000 1.000000
vn 0.000000 0.000000 1.000000
vn 0.000000 0.000000 1.000000
vn 0.000000 0.000000 1.000000
vn 0.000000 0.000000 1.000000
vn 0.000000 0.000000 1.000000
vn 0.000000 0.000000 1.000000
vn 0.000000 0.000000 1.000000
vn 0.000000 0.000000 1.000000
vn 0.000000 0.000000 1.000000
vn 0.000000 0.000000 1.000000
vn 0.000000 0.000000 1.000000
vn 0.000000 0.000000 1.000000
vn 0.000000 0.000000 1.000000
vn 0.000000 0.000000 1.000000
vn 0.000000 0.000000 1.000000
vn 0.000000 0.000000 1.000000
vn 0.000000 0.000000 1.000000
vn 0.000000 0.000000 1.000000
vn 0.000000 0.000000 1.000000
vn 0.000000 0.000000 1.000000
vn 0.000000 0.000000 1.000000
vn 0.000000 0.000000 1.000000
vn 0.000000 0.000000 1.000000
vn 0.000000 0.000000 1.000000
vn 0.000000 0.000000 1.000000
vn 0.000000 0.000000 1.000000
vn 0.000000 0.000000 1.000000
vn 0.000000 0.000000 1.000000
vn 0.000000 0.000000 1.000000
vn 0.000000 0.000000 1.000000
vn 0.000000 0.000000 1.000000
vn 0.000000 0.000000 1.000000
vn 0.000000 0.000000 1.000000
vn 0.000000 0.000000 1.000000
vn 0.000000 0.000000 1.000000
vn 0.000000 0.000000 1.000000
vn 0.000000 0.000000 1.000000
vn 0.000000 0.000000 1.000000
vn 0.000000 0.000000 1.000000
vn 0.000000 0.000000 1.000000
vn 0.000000 0.000000 1.000000
vn 0.000000 0.000000 1.000000
vn 0.000000 0.000000 1.000000
vn 0.000000 0.000000 1.000000
vn 0.000000 0.000000 1.000000
vn 0.000000 0.000000 1.000000
vn 0.000000 0.000000 1.000000
vn 0.000000 0.000000 1.000000
vn 0.000000 0.000000 1.000000
vn 0.000000 0.000000 1.000000
vn 0.000000 0.000000 1.000000
vn 0.000000 0.000000 1.000000
vn 0.000000 0.000000 1.000000
vn 0.000000 0.000000 1.000000
vn 0.000000 0.000000 1.000000
vn 0.000000 0.000000 1.000000
vn 0.000000 0.000000 1.000000
vn 0.000000 0.000000 1.000000
vn 0.000000 0.000000 1.000000
vn 0.000000 0.000000 1.000000
vn 0.000000 0.000000 1.000000
vn 0.000000 0.000000 1.000000
vn 0.000000 0.000000 1.000000
vn 0.000000 0.000000 1.000000
vn 0.000000 0.000000 1.000000
vn 0.000000 0.000000 1.000000
vn 0.000000 0.000000 1.000000
vn 0.000000 0.000000 1.000000
vn 0.000000 0.000000 1.000000
vn 0.000000 0.000000 1.000000
vn 0.000000 0.000000 1.000000
vn 0.000000 0.000000 1.000000
vn 0.000000 0.000000 1.000000
vn 0.000000 0.000000 1.000000
vn 0.000000 0.000000 1.000000
vn 0.000000 0.000000 1.000000
vn 0.000000 0.000000 1.000000
vn 0.000000 0.000000 1.000000
vn 0.000000 0.000000 1.000000
vn 0.000000 0.000000 1.000000
vn 0.000000 0.000000 1.000000
vn 0.000000 0.000000 1.000000
vn 0.000000 0.000000 1.000000
vn 0.000000 0.000000 1.000000
vn 0.000000 0.000000 1.000000
vn 0.000000 0.000000 1.000000
vn 0.000000 0.000000 1.000000
vn 0.000000 0.000000 1.000000
vn 0.000000 0.000000 1.000000
vn 0.000000 0.000000 1.000000
vn 0.000000 0.000000 1.000000
vn 0.000000 0.000000 1.000000
vn -0.965926 0.258819 0.000000
vn -0.994987 0.100000 0.000000
vn -1.000000 -0.000000 -0.000000
vn -0.994799 -0.101862 -0.000000
vn -0.965926 -0.258819 -0.000000
vn -0.952843 -0.303463 -0.000000
vn -0.866025 -0.500000 -0.000000
vn -0.870245 -0.492619 -0.000000
vn -0.752779 -0.658274 -0.000000
vn -0.940983 0.338453 0.000000
vn -0.866025 0.500000 0.000000
vn -0.830731 0.556674 0.000000
vn -0.707107 0.707107 0.000000
vn -0.670820 0.741620 0.000000
vn -0.500000 0.866025 0.000000
vn -0.470811 0.882234 0.000000
vn -0.258819 0.965926 0.000000
vn -0.242658 0.970112 0.000000
vn -0.000000 1.000000 0.000000
vn -0.000000 1.000000 0.000000
vn 0.242658 0.970112 0.000000
vn 0.258819 0.965926 0.000000
vn 0.470811 0.882234 0.000000
vn 0.500000 0.866025 0.000000
vn 0.670820 0.741620 0.000000
vn 0.707107 0.707107 0.000000
vn 0.830731 0.556674 0.000000
vn 0.866025 0.500000 0.000000
vn 0.940983 0.338453 0.000000
vn 0.965926 0.258819 0.000000
vn 0.994987 0.100000 0.000000
vn 1.000000 0.000000 0.000000
vn 0.994799 -0.101862 0.000000
vn 0.965926 -0.258819 0.000000
vn 0.952843 -0.303463 0.000000
vn 0.866025 -0.500000 0.000000
vn 0.870245 -0.492619 0.000000
vn 0.752779 -0.658274 0.000000
vn 0.707107 -0.707107 0.000000
vn 0.600108 -0.799919 0.000000
vn 0.500000 -0.866025 0.000000
vn 0.415632 -0.909533 0.000000
vn 0.258819 -0.965926 0.000000
vn 0.210781 -0.977533 0.000000
vn 0.000000 -1.000000 0.000000
vn 0.000000 -1.000000 0.000000
vn -0.210781 -0.977533 -0.000000
vn -0.258819 -0.965926 -0.000000
vn -0.415632 -0.909533 -0.000000
vn -0.500000 -0.866025 -0.000000
vn -0.600108 -0.799919 -0.000000
vn -0.707107 -0.707107 -0.000000
vn -0.000000 -0.000000 1.000000
vn -0.000000 -0.000000 1.000000
vn -0.000000 -0.000000 1.000000
vn -0.000000 -0.000000 1.000000
vn -0.000000 -0.000000 1.000000
vn -0.000000 -0.000000 1.000000
vn -0.000000 -0.000000 1.000000
vn -0.000000 -0.000000 1.000000
vn -0.000000 -0.000000 1.000000
vn -0.000000 -0.000000 1.000000
vn -0.000000 -0.000000 1.000000
vn -0.000000 -0.000000 1.000000
vn -0.000000 -0.000000 1.000000
vn -0.000000 -0.000000 1.000000
vn -0.000000 -0.000000 1.000000
vn -0.000000 -0.000000 1.000000
vn -0.000000 -0.000000 1.000000
vn -0.000000 -0.000000 1.000000
vn -0.000000 -0.000000 1.000000
vn -0.000000 -0.000000 1.000000
vn -0.000000 -0.000000 1.000000
vn -0.000000 -0.000000 1.000000
vn -0.000000 -0.000000 1.000000
vn -0.000000 -0.000000 1.000000
vn -0.000000 -0.000000 1.000000
vn -0.000000 -0.000000 1.000000
vn -0.000000 -0.000000 1.000000
vn -0.000000 -0.000000 1.000000
vn -0.000000 -0.000000 1.000000
vn -0.000000 -0.000000 1.000000
vn -0.000000 -0.000000 1.000000
vn -0.000000 -0.000000 1.000000
vn -0.000000 -0.000000 1.000000
vn -0.000000 -0.000000 1.000000
vn -0.000000 -0.000000 1.000000
vn -0.000000 -0.000000 1.000000
vn -0.000000 -0.000000 1.000000
vn -0.000000 -0.000000 1.000000
vn -0.000000 -0.000000 1.000000
vn -0.000000 -0.000000 1.000000
vn -0.000000 -0.000000 1.000000
vn -0.000000 -0.000000 1.000000
vn -0.000000 -0.000000 1.000000
vn -0.000000 -0.000000 1.000000
vn -0.000000 -0.000000 1.000000
vn -0.000000 -0.000000 1.000000
vn -0.000000 -0.000000 1.000000
vn -0.000000 -0.000000 1.000000
vn 0.965926 0.258819 0.000000
vn 0.965926 0.258819 0.000000
vn 1.000000 0.000000 0.000000
vn 1.000000 0.000000 0.000000
vn 0.965926 -0.258819 0.000000
vn 0.965926 -0.258819 0.000000
vn 0.866025 -0.500000 0.000000
vn 0.866025 -0.500000 0.000000
vn 0.707107 -0.707107 0.000000
vn 0.707107 -0.707107 0.000000
vn 0.500000 -0.866025 0.000000
vn 0.500000 -0.866025 0.000000
vn 0.258819 -0.965926 0.000000
vn 0.258819 -0.965926 0.000000
vn -0.000000 -1.000000 -0.000000
vn -0.000000 -1.000000 -0.000000
vn -0.258819 -0.965926 -0.000000
vn -0.258819 -0.965926 -0.000000
vn -0.500000 -0.866025 -0.000000
vn -0.500000 -0.866025 -0.000000
vn -0.707107 -0.707107 -0.000000
vn -0.707107 -0.707107 -0.000000
vn -0.866025 -0.500000 -0.000000
vn -0.866025 -0.500000 -0.000000
vn -0.965926 -0.258819 -0.000000
vn -0.965926 -0.258819 -0.000000
vn -1.000000 -0.000000 -0.000000
vn -1.000000 -0.000000 -0.000000
vn -0.965926 0.258819 0.000000
vn -0.965926 0.258819 0.000000
vn -0.866025 0.500000 0.000000
vn -0.866025 0.500000 0.000000
vn -0.707107 0.707107 0.000000
vn -0.707107 0.707107 0.000000
vn -0.500000 0.866025 0.000000
vn -0.500000 0.866025 0.000000
vn -0.258819 0.965926 0.000000
vn -0.258819 0.965926 0.000000
vn -0.000000 1.000000 0.000000
vn 0.000000 1.000000 0.000000
vn 0.258819 0.965926 0.000000
vn 0.258819 0.965926 0.000000
vn 0.500000 0.866025 0.000000
vn 0.500000 0.866025 0.000000
vn 0.707107 0.707107 0.000000
vn 0.707107 0.707107 0.000000
vn 0.866025 0.500000 0.000000
vn 0.866025 0.500000 0.000000
vn 0.366818 0.058098 0.928477
vn 0.370476 0.026056 0.928477
vn 0.371391 -0.000000 0.928477
vn 0.371160 0.013088 0.928477
vn 0.371391 0.000000 0.928477
vn 0.353214 0.114766 0.928477
vn 0.363963 0.073906 0.928477
vn 0.364526 0.071077 0.928477
vn 0.365538 0.065673 0.928477
vn 0.346593 0.133433 0.928477
vn 0.330912 0.168608 0.928477
vn 0.319561 0.189241 0.928477
vn 0.300461 0.218298 0.928477
vn 0.283620 0.239772 0.928477
vn 0.262613 0.262613 0.928477
vn 0.239772 0.283620 0.928477
vn 0.218298 0.300461 0.928477
vn 0.189241 0.319561 0.928477
vn 0.168608 0.330912 0.928477
vn 0.133433 0.346593 0.928477
vn 0.114766 0.353214 0.928477
vn 0.073906 0.363963 0.928477
vn 0.071077 0.364526 0.928477
vn 0.065673 0.365538 0.928477
vn 0.058098 0.366818 0.928477
vn 0.058117 0.366815 0.928477
vn 0.048978 0.368147 0.928477
vn 0.038223 0.369419 0.928477
vn 0.026056 0.370476 0.928477
vn 0.000000 0.371391 0.928477
vn 0.013088 0.371160 0.928477
vn -0.000000 0.371391 0.928477
vn -0.013088 0.371160 0.928477
vn -0.026056 0.370476 0.928477
vn -0.058098 0.366818 0.928477
vn -0.038223 0.369419 0.928477
vn -0.048978 0.368147 0.928477
vn -0.058117 0.366815 0.928477
vn -0.065673 0.365538 0.928477
vn -0.071077 0.364526 0.928477
vn -0.073906 0.363963 0.928477
vn -0.114766 0.353214 0.928477
vn -0.133433 0.346593 0.928477
vn -0.168608 0.330912 0.928477
vn -0.189241 0.319561 0.928477
vn -0.218298 0.300461 0.928477
vn -0.239772 0.283620 0.928477
vn -0.262613 0.262613 0.928477
vn -0.283620 0.239772 0.928477
vn -0.300461 0.218298 0.928477
vn -0.319561 0.189241 0.928477
vn -0.330912 0.168608 0.928477
vn -0.346593 0.133433 0.928477
vn -0.353214 0.114766 0.928477
vn -0.363963 0.073906 0.928477
vn -0.364526 0.071077 0.928477
vn -0.365538 0.065673 0.928477
vn -0.366818 0.058098 0.928477
vn -0.366815 0.058117 0.928477
vn -0.368147 0.048978 0.928477
vn -0.369419 0.038223 0.928477
vn -0.370476 0.026056 0.928477
vn -0.371391 0.000000 0.928477
vn -0.371160 0.013088 0.928477
vn -0.371391 0.000000 0.928477
vn -0.371160 -0.013088 0.928477
vn -0.370476 -0.026056 0.928477
vn -0.366818 -0.058098 0.928477
vn -0.369419 -0.038223 0.928477
vn -0.368147 -0.048978 0.928477
vn -0.366815 -0.058117 0.928477
vn -0.365538 -0.065673 0.928477
vn -0.364526 -0.071077 0.928477
vn -0.363963 -0.073906 0.928477
vn -0.353214 -0.114766 0.928477
vn -0.346593 -0.133433 0.928477
vn -0.330912 -0.168608 0.928477
vn -0.319561 -0.189241 0.928477
vn -0.300461 -0.218298 0.928477
vn -0.283620 -0.239772 0.928477
vn -0.262613 -0.262613 0.928477
vn -0.239772 -0.283620 0.928477
vn -0.218298 -0.300461 0.928477
vn -0.189241 -0.319561 0.928477
vn -0.168608 -0.330912 0.928477
vn -0.133433 -0.346593 0.928477
vn -0.114766 -0.353214 0.928477
vn -0.073906 -0.363963 0.928477
vn -0.071077 -0.364526 0.928477
vn -0.065673 -0.365538 0.928477
vn -0.058098 -0.366818 0.928477
vn -0.058117 -0.366815 0.928477
vn -0.048978 -0.368147 0.928477
vn -0.038223 -0.369419 0.928477
vn -0.026056 -0.370476 0.928477
vn -0.000000 -0.371391 0.928477
vn -0.013088 -0.371160 0.928477
vn 0.000000 -0.371391 0.928477
vn 0.013088 -0.371160 0.928477
vn 0.026056 -0.370476 0.928477
vn 0.058098 -0.366818 0.928477
vn 0.038223 -0.369419 0.928477
vn 0.048978 -0.368147 0.928477
vn 0.058117 -0.366815 0.928477
vn 0.065673 -0.365538 0.928477
vn 0.071077 -0.364526 0.928477
vn 0.073906 -0.363963 0.928477
vn 0.114766 -0.353214 0.928477
vn 0.133433 -0.346593 0.928477
vn 0.168608 -0.330912 0.928477
vn 0.189241 -0.319561 0.928477
vn 0.218298 -0.300461 0.928477
vn 0.239772 -0.283620 0.928477
vn 0.262613 -0.262613 0.928477
vn 0.283620 -0.239772 0.928477
vn 0.300461 -0.218298 0.928477
vn 0.319561 -0.189241 0.928477
vn 0.330912 -0.168608 0.928477
vn 0.346593 -0.133433 0.928477
vn 0.353214 -0.114766 0.928477
vn 0.363963 -0.073906 0.928477
vn 0.364526 -0.071077 0.928477
vn 0.365538 -0.065673 0.928477
vn 0.366818 -0.058098 0.928477
vn 0.366815 -0.058117 0.928477
vn 0.368147 -0.048978 0.928477
vn 0.369419 -0.038223 0.928477
vn 0.370476 -0.026056 0.928477
vn 0.371160 -0.013088 0.928477
vn 0.366815 0.058117 0.928477
vn 0.368147 0.048978 0.928477
vn 0.369419 0.038223 0.928477
vn -0.000000 -0.000000 1.000000
vn -0.000000 -0.000000 1.000000
vn -0.000000 -0.000000 1.000000
vn -0.000000 -0.000000 1.000000
vn -0.000000 -0.000000 1.000000
vn -0.000000 -0.000000 1.000000
vn -0.000000 -0.000000 1.000000
vn -0.000000 -0.000000 1.000000
vn -0.000000 -0.000000 1.000000
vn -0.000000 -0.000000 1.000000
vn -0.000000 -0.000000 1.000000
vn -0.000000 -0.000000 1.000000
vn -0.000000 -0.000000 1.000000
vn -0.000000 -0.000000 1.000000
vn -0.000000 -0.000000 1.000000
vn -0.000000 -0.000000 1.000000
vn -0.000000 -0.000000 1.000000
vn -0.000000 -0.000000 1.000000
vn -0.000000 -0.000000 1.000000
vn -0.000000 -0.000000 1.000000
vn -0.000000 -0.000000 1.000000
vn -0.000000 -0.000000 1.000000
vn -0.000000 -0.000000 1.000000
vn -0.000000 -0.000000 1.000000
vn -0.000000 -0.000000 1.000000
vn -0.000000 -0.000000 1.000000
vn -0.000000 -0.000000 1.000000
vn -0.000000 -0.000000 1.000000
vn -0.000000 -0.000000 1.000000
vn -0.000000 -0.000000 1.000000
vn -0.000000 -0.000000 1.000000
vn -0.000000 -0.000000 1.000000
vn -0.000000 -0.000000 1.000000
vn -0.000000 -0.000000 1.000000
vn -0.000000 -0.000000 1.000000
vn -0.000000 -0.000000 1.000000
vn -0.000000 -0.000000 1.000000
vn -0.000000 -0.000000 1.000000
vn -0.000000 -0.000000 1.000000
vn -0.000000 -0.000000 1.000000
vn -0.000000 -0.000000 1.000000
vn -0.000000 -0.000000 1.000000
vn -0.000000 -0.000000 1.000000
vn -0.000000 -0.000000 1.000000
vn -0.000000 -0.000000 1.000000
vn -0.000000 -0.000000 1.000000
vn -0.000000 -0.000000 1.000000
vn -0.000000 -0.000000 1.000000
vn -0.101862 0.994799 0.000000
vn -0.000000 1.000000 0.000000
vn 0.100000 0.994987 0.000000
vn 0.258819 0.965926 0.000000
vn 0.338453 0.940983 0.000000
vn 0.500000 0.866025 0.000000
vn 0.556674 0.830731 0.000000
vn 0.707107 0.707107 0.000000
vn 0.741620 0.670820 0.000000
vn 0.866025 0.500000 0.000000
vn 0.882234 0.470811 0.000000
vn 0.965926 0.258819 0.000000
vn 0.970112 0.242658 0.000000
vn 1.000000 0.000000 0.000000
vn 1.000000 0.000000 0.000000
vn 0.970112 -0.242658 0.000000
vn 0.965926 -0.258819 0.000000
vn 0.882234 -0.470811 0.000000
vn 0.866025 -0.500000 0.000000
vn 0.741620 -0.670820 0.000000
vn 0.707107 -0.707107 0.000000
vn 0.556674 -0.830731 0.000000
vn 0.500000 -0.866025 0.000000
vn 0.338453 -0.940983 0.000000
vn 0.258819 -0.965926 0.000000
vn 0.100000 -0.994987 0.000000
vn -0.000000 -1.000000 -0.000000
vn -0.101862 -0.994799 -0.000000
vn -0.258819 -0.965926 -0.000000
vn -0.303463 -0.952843 -0.000000
vn -0.500000 -0.866025 -0.000000
vn -0.492619 -0.870245 -0.000000
vn -0.658274 -0.752779 -0.000000
vn -0.707107 -0.707107 -0.000000
vn -0.799919 -0.600108 -0.000000
vn -0.866025 -0.500000 -0.000000
vn -0.909533 -0.415632 -0.000000
vn -0.965926 -0.258819 -0.000000
vn -0.977533 -0.210781 -0.000000
vn -1.000000 -0.000000 -0.000000
vn -1.000000 -0.000000 -0.000000
vn -0.977533 0.210781 0.000000
vn -0.965926 0.258819 0.000000
vn -0.909533 0.415632 0.000000
vn -0.866025 0.500000 0.000000
vn -0.799919 0.600108 0.000000
vn -0.707107 0.707107 0.000000
vn -0.658274 0.752779 0.000000
vn -0.500000 0.866025 0.000000
vn -0.492619 0.870245 0.000000
vn -0.303463 0.952843 0.000000
vn -0.258819 0.965926 0.000000
vn 0.965926 0.258819 0.000000
vn 0.965926 0.258819 0.000000
vn 1.000000 0.000000 0.000000
vn 1.000000 0.000000 0.000000
vn 0.965926 -0.258819 0.000000
vn 0.965926 -0.258819 0.000000
vn 0.866025 -0.500000 0.000000
vn 0.866025 -0.500000 0.000000
vn 0.707107 -0.707107 0.000000
vn 0.707107 -0.707107 0.000000
vn 0.500000 -0.866025 0.000000
vn 0.500000 -0.866025 0.000000
vn 0.258819 -0.965926 0.000000
vn 0.258819 -0.965926 0.000000
vn -0.000000 -1.000000 -0.000000
vn -0.000000 -1.000000 -0.000000
vn -0.258819 -0.965926 -0.000000
vn -0.258819 -0.965926 -0.000000
vn -0.500000 -0.866025 -0.000000
vn -0.500000 -0.866025 -0.000000
vn -0.707107 -0.707107 -0.000000
vn -0.707107 -0.707107 -0.000000
vn -0.866025 -0.500000 -0.000000
vn -0.866025 -0.500000 -0.000000
vn -0.965926 -0.258819 -0.000000
vn -0.965926 -0.258819 -0.000000
vn -1.000000 -0.000000 -0.000000
vn -1.000000 -0.000000 -0.000000
vn -0.965926 0.258819 0.000000
vn -0.965926 0.258819 0.000000
vn -0.866025 0.500000 0.000000
vn -0.866025 0.500000 0.000000
vn -0.707107 0.707107 0.000000
vn -0.707107 0.707107 0.000000
vn -0.500000 0.866025 0.000000
vn -0.500000 0.866025 0.000000
vn -0.258819 0.965926 0.000000
vn -0.258819 0.965926 0.000000
vn -0.000000 1.000000 0.000000
vn -0.000000 1.000000 0.000000
vn 0.258819 0.965926 0.000000
vn 0.258819 0.965926 0.000000
vn 0.500000 0.866025 0.000000
vn 0.500000 0.866025 0.000000
vn 0.707107 0.707107 0.000000
vn 0.707107 0.707107 0.000000
vn 0.866025 0.500000 0.000000
vn 0.866025 0.500000 0.000000
vn 0.000000 0.000000 1.000000
vn 0.000000 0.000000 1.000000
vn 0.000000 0.000000 1.000000
vn 0.000000 0.000000 1.000000
vn 0.000000 0.000000 1.000000
vn 0.000000 0.000000 1.000000
vn 0.000000 0.000000 1.000000
vn 0.000000 0.000000 1.000000
vn 0.000000 0.000000 1.000000
vn 0.000000 0.000000 1.000000
vn 0.000000 0.000000 1.000000
vn 0.000000 0.000000 1.000000
vn 0.000000 0.000000 1.000000
vn 0.000000 0.000000 1.000000
vn 0.000000 0.000000 1.000000
vn 0.000000 0.000000 1.000000
vn 0.000000 0.000000 1.000000
vn 0.000000 0.000000 1.000000
vn 0.000000 0.000000 1.000000
vn 0.000000 0.000000 1.000000
vn 0.000000 0.000000 1.000000
vn 0.000000 0.000000 1.000000
vn 0.000000 0.000000 1.000000
vn 0.000000 0.000000 1.000000
vn -0.965926 0.258819 0.000000
vn -0.994799 0.101862 0.000000
vn -1.000000 -0.000000 -0.000000
vn -0.994987 -0.100000 -0.000000
vn -0.965926 -0.258819 -0.000000
vn -0.940983 -0.338453 -0.000000
vn -0.866025 -0.500000 -0.000000
vn -0.830731 -0.556674 -0.000000
vn -0.707107 -0.707107 -0.000000
vn -0.670820 -0.741620 -0.000000
vn -0.500000 -0.866025 -0.000000
vn -0.470811 -0.882234 -0.000000
vn -0.258819 -0.965926 -0.000000
vn -0.242658 -0.970112 -0.000000
vn 0.000000 -1.000000 0.000000
vn -0.000000 -1.000000 -0.000000
vn 0.242658 -0.970112 0.000000
vn -0.952843 0.303463 0.000000
vn -0.866025 0.500000 0.000000
vn -0.870245 0.492619 0.000000
vn -0.752779 0.658274 0.000000
vn -0.707107 0.707107 0.000000
vn -0.600108 0.799919 0.000000
vn -0.500000 0.866025 0.000000
vn -0.415632 0.909533 0.000000
vn -0.258819 0.965926 0.000000
vn -0.210781 0.977533 0.000000
vn -0.000000 1.000000 0.000000
vn -0.000000 1.000000 0.000000
vn 0.210781 0.977533 0.000000
vn 0.258819 0.965926 0.000000
vn 0.415632 0.909533 0.000000
vn 0.500000 0.866025 0.000000
vn 0.600108 0.799919 0.000000
vn 0.707107 0.707107 0.000000
vn 0.752779 0.658274 0.000000
vn 0.866025 0.500000 0.000000
vn 0.870245 0.492619 0.000000
vn 0.952843 0.303463 0.000000
vn 0.965926 0.258819 0.000000
vn 0.994799 0.101862 0.000000
vn 1.000000 0.000000 0.000000
vn 0.994987 -0.100000 0.000000
vn 0.965926 -0.258819 0.000000
vn 0.940983 -0.338453 0.000000
vn 0.866025 -0.500000 0.000000
vn 0.830731 -0.556674 0.000000
vn 0.707107 -0.707107 0.000000
vn 0.670820 -0.741620 0.000000
vn 0.500000 -0.866025 0.000000
vn 0.470811 -0.882234 0.000000
vn 0.258819 -0.965926 0.000000
vn -0.000000 -0.000000 1.000000
vn -0.000000 -0.000000 1.000000
vn -0.000000 -0.000000 1.000000
vn -0.000000 -0.000000 1.000000
vn -0.000000 -0.000000 1.000000
vn -0.000000 -0.000000 1.000000
vn -0.000000 -0.000000 1.000000
vn -0.000000 -0.000000 1.000000
vn -0.000000 -0.000000 1.000000
vn -0.000000 -0.000000 1.000000
vn -0.000000 -0.000000 1.000000
vn -0.000000 -0.000000 1.000000
vn -0.000000 -0.000000 1.000000
vn -0.000000 -0.000000 1.000000
vn -0.000000 -0.000000 1.000000
vn -0.000000 -0.000000 1.000000
vn -0.000000 -0.000000 1.000000
vn -0.000000 -0.000000 1.000000
vn -0.000000 -0.000000 1.000000
vn -0.000000 -0.000000 1.000000
vn -0.000000 -0.000000 1.000000
vn -0.000000 -0.000000 1.000000
vn -0.000000 -0.000000 1.000000
vn -0.000000 -0.000000 1.000000
vn -0.000000 -0.000000 1.000000
vn -0.000000 -0.000000 1.000000
vn -0.000000 -0.000000 1.000000
vn -0.000000 -0.000000 1.000000
vn -0.000000 -0.000000 1.000000
vn -0.000000 -0.000000 1.000000
vn -0.000000 -0.000000 1.000000
vn -0.000000 -0.000000 1.000000
vn -0.000000 -0.000000 1.000000
vn -0.000000 -0.000000 1.000000
vn -0.000000 -0.000000 1.000000
vn -0.000000 -0.000000 1.000000
vn -0.000000 -0.000000 1.000000
vn -0.000000 -0.000000 1.000000
vn -0.000000 -0.000000 1.000000
vn -0.000000 -0.000000 1.000000
vn -0.000000 -0.000000 1.000000
vn -0.000000 -0.000000 1.000000
vn -0.000000 -0.000000 1.000000
vn -0.000000 -0.000000 1.000000
vn -0.000000 -0.000000 1.000000
vn -0.000000 -0.000000 1.000000
vn -0.000000 -0.000000 1.000000
vn -0.000000 -0.000000 1.000000
vn 0.965926 0.258819 0.000000
vn 0.965926 0.258819 0.000000
vn 1.000000 0.000000 0.000000
vn 1.000000 0.000000 0.000000
vn 0.965926 -0.258819 0.000000
vn 0.965926 -0.258819 0.000000
vn 0.866025 -0.500000 0.000000
vn 0.866025 -0.500000 0.000000
vn 0.707107 -0.707107 0.000000
vn 0.707107 -0.707107 0.000000
vn 0.500000 -0.866025 0.000000
vn 0.500000 -0.866025 0.000000
vn 0.258819 -0.965926 0.000000
vn 0.258819 -0.965926 0.000000
vn -0.000000 -1.000000 -0.000000
vn -0.000000 -1.000000 -0.000000
vn -0.258819 -0.965926 -0.000000
vn -0.258819 -0.965926 -0.000000
vn -0.500000 -0.866025 -0.000000
vn -0.500000 -0.866025 -0.000000
vn -0.707107 -0.707107 -0.000000
vn -0.707107 -0.707107 -0.000000
vn -0.866025 -0.500000 -0.000000
vn -0.866025 -0.500000 -0.000000
vn -0.965926 -0.258819 -0.000000
vn -0.965926 -0.258819 -0.000000
vn -1.000000 -0.000000 -0.000000
vn -1.000000 -0.000000 -0.000000
vn -0.965926 0.258819 0.000000
vn -0.965926 0.258819 0.000000
vn -0.866025 0.500000 0.000000
vn -0.866025 0.500000 0.000000
vn -0.707107 0.707107 0.000000
vn -0.707107 0.707107 0.000000
vn -0.500000 0.866025 0.000000
vn -0.500000 0.866025 0.000000
vn -0.258819 0.965926 0.000000
vn -0.258819 0.965926 0.000000
vn -0.000000 1.000000 0.000000
vn 0.000000 1.000000 0.000000
vn 0.258819 0.965926 0.000000
vn 0.258819 0.965926 0.000000
vn 0.500000 0.866025 0.000000
vn 0.500000 0.866025 0.000000
vn 0.707107 0.707107 0.000000
vn 0.707107 0.707107 0.000000
vn 0.866025 0.500000 0.000000
vn 0.866025 0.500000 0.000000
vn -0.000000 -0.000000 1.000000
vn -0.000000 -0.000000 1.000000
vn -0.000000 -0.000000 1.000000
vn -0.000000 -0.000000 1.000000
vn -0.000000 -0.000000 1.000000
vn -0.000000 -0.000000 1.000000
vn -0.000000 -0.000000 1.000000
vn -0.000000 -0.000000 1.000000
vn -0.000000 -0.000000 1.000000
vn -0.000000 -0.000000 1.000000
vn -0.000000 -0.000000 1.000000
vn -0.000000 -0.000000 1.000000
vn -0.000000 -0.000000 1.000000
vn -0.000000 -0.000000 1.000000
vn -0.000000 -0.000000 1.000000
vn -0.000000 -0.000000 1.000000
vn -0.000000 -0.000000 1.000000
vn -0.000000 -0.000000 1.000000
vn -0.000000 -0.000000 1.000000
vn -0.000000 -0.000000 1.000000
vn -0.000000 -0.000000 1.000000
vn -0.000000 -0.000000 1.000000
vn -0.000000 -0.000000 1.000000
vn -0.000000 -0.000000 1.000000
vn -0.000000 -0.000000 1.000000
vn -0.000000 -0.000000 1.000000
vn -0.000000 -0.000000 1.000000
vn -0.000000 -0.000000 1.000000
vn -0.000000 -0.000000 1.000000
vn -0.000000 -0.000000 1.000000
vn -0.000000 -0.000000 1.000000
vn -0.000000 -0.000000 1.000000
vn -0.000000 -0.000000 1.000000
vn -0.000000 -0.000000 1.000000
vn -0.000000 -0.000000 1.000000
vn -0.000000 -0.000000 1.000000
vn -0.000000 -0.000000 1.000000
vn -0.000000 -0.000000 1.000000
vn -0.000000 -0.000000 1.000000
vn -0.000000 -0.000000 1.000000
vn -0.000000 -0.000000 1.000000
vn -0.000000 -0.000000 1.000000
vn -0.000000 -0.000000 1.000000
vn -0.000000 -0.000000 1.000000
vn -0.000000 -0.000000 1.000000
vn -0.000000 -0.000000 1.000000
vn -0.000000 -0.000000 1.000000
vn -0.000000 -0.000000 1.000000
vn 0.101862 -0.994799 0.000000
vn -0.000000 -1.000000 -0.000000
vn -0.100000 -0.994987 -0.000000
vn -0.258819 -0.965926 -0.000000
vn -0.338453 -0.940983 -0.000000
vn -0.500000 -0.866025 -0.000000
vn -0.556674 -0.830731 -0.000000
vn -0.707107 -0.707107 -0.000000
vn -0.741620 -0.670820 -0.000000
vn -0.866025 -0.500000 -0.000000
vn -0.882234 -0.470811 -0.000000
vn -0.965926 -0.258819 -0.000000
vn -0.970112 -0.242658 -0.000000
vn -1.000000 -0.000000 -0.000000
vn -1.000000 -0.000000 -0.000000
vn -0.970112 0.242658 0.000000
vn -0.965926 0.258819 0.000000
vn -0.882234 0.470811 0.000000
vn -0.866025 0.500000 0.000000
vn -0.741620 0.670820 0.000000
vn -0.707107 0.707107 0.000000
vn -0.556674 0.830731 0.000000
vn -0.500000 0.866025 0.000000
vn -0.338453 0.940983 0.000000
vn -0.258819 0.965926 0.000000
vn -0.100000 0.994987 0.000000
vn -0.000000 1.000000 0.000000
vn 0.101862 0.994799 0.000000
vn 0.258819 0.965926 0.000000
vn 0.303463 0.952843 0.000000
vn 0.500000 0.866025 0.000000
vn 0.492619 0.870245 0.000000
vn 0.658274 0.752779 0.000000
vn 0.707107 0.707107 0.000000
vn 0.799919 0.600108 0.000000
vn 0.866025 0.500000 0.000000
vn 0.909533 0.415632 0.000000
vn 0.965926 0.258819 0.000000
vn 0.977533 0.210781 0.000000
vn 1.000000 0.000000 0.000000
vn 1.000000 0.000000 0.000000
vn 0.977533 -0.210781 0.000000
vn 0.965926 -0.258819 0.000000
vn 0.909533 -0.415632 0.000000
vn 0.866025 -0.500000 0.000000
vn 0.799919 -0.600108 0.000000
vn 0.707107 -0.707107 0.000000
vn 0.658274 -0.752779 0.000000
vn 0.500000 -0.866025 0.000000
vn 0.492619 -0.870245 0.000000
vn 0.303463 -0.952843 0.000000
vn 0.258819 -0.965926 0.000000
vn 0.965926 0.258819 0.000000
vn 0.965926 0.258819 0.000000
vn 1.000000 0.000000 0.000000
vn 1.000000 0.000000 0.000000
vn 0.965926 -0.258819 0.000000
vn 0.965926 -0.258819 0.000000
vn 0.866025 -0.500000 0.000000
vn 0.866025 -0.500000 0.000000
vn 0.707107 -0.707107 0.000000
vn 0.707107 -0.707107 0.000000
vn 0.500000 -0.866025 0.000000
vn 0.500000 -0.866025 0.000000
vn 0.258819 -0.965926 0.000000
vn 0.258819 -0.965926 0.000000
vn -0.000000 -1.000000 -0.000000
vn -0.000000 -1.000000 -0.000000
vn -0.258819 -0.965926 -0.000000
vn -0.258819 -0.965926 -0.000000
vn -0.500000 -0.866025 -0.000000
vn -0.500000 -0.866025 -0.000000
vn -0.707107 -0.707107 -0.000000
vn -0.707107 -0.707107 -0.000000
vn -0.866025 -0.500000 -0.000000
vn -0.866025 -0.500000 -0.000000
vn -0.965926 -0.258819 -0.000000
vn -0.965926 -0.258819 -0.000000
vn -1.000000 -0.000000 -0.000000
vn -1.000000 -0.000000 -0.000000
vn -0.965926 0.258819 0.000000
vn -0.965926 0.258819 0.000000
vn -0.866025 0.500000 0.000000
vn -0.866025 0.500000 0.000000
vn -0.707107 0.707107 0.000000
vn -0.707107 0.707107 0.000000
vn -0.500000 0.866025 0.000000
vn -0.500000 0.866025 0.000000
vn -0.258819 0.965926 0.000000
vn -0.258819 0.965926 0.000000
vn -0.000000 1.000000 0.000000
vn -0.000000 1.000000 0.000000
vn 0.258819 0.965926 0.000000
vn 0.258819 0.965926 0.000000
vn 0.500000 0.866025 0.000000
vn 0.500000 0.866025 0.000000
vn 0.707107 0.707107 0.000000
vn 0.707107 0.707107 0.000000
vn 0.866025 0.500000 0.000000
vn 0.866025 0.500000 0.000000
vn 0.000000 0.000000 -1.000000
vn 0.000000 0.000000 -1.000000
vn 0.000000 0.000000 -1.000000
vn 0.000000 0.000000 -1.000000
vn 0.000000 0.000000 -1.000000
vn 0.000000 0.000000 -1.000000
vn 0.000000 0.000000 -1.000000
vn 0.000000 0.000000 -1.000000
vn 0.000000 0.000000 -1.000000
vn 0.000000 0.000000 -1.000000
vn 0.000000 0.000000 -1.000000
vn 0.000000 0.000000 -1.000000
vn 0.000000 0.000000 -1.000000
vn 0.000000 0.000000 -1.000000
vn 0.000000 0.000000 -1.000000
vn 0.000000 0.000000 -1.000000
vn 0.000000 0.000000 -1.000000
vn 0.000000 0.000000 -1.000000
vn 0.000000 0.000000 -1.000000
vn 0.000000 0.000000 -1.000000
vn 0.000000 0.000000 -1.000000
vn 0.000000 0.000000 -1.000000
vn 0.000000 0.000000 -1.000000
vn 0.000000 0.000000 -1.000000
vn 0.000000 0.000000 -1.000000
vn 0.000000 0.000000 -1.000000
vn 0.000000 0.000000 -1.000000
vn 0.000000 0.000000 -1.000000
vn 0.000000 0.000000 -1.000000
vn 0.000000 0.000000 -1.000000
vn 0.000000 0.000000 -1.000000
vn 0.000000 0.000000 -1.000000
vn 0.000000 0.000000 -1.000000
vn 0.000000 0.000000 -1.000000
vn 0.000000 0.000000 -1.000000
vn 0.000000 0.000000 -1.000000
vn 0.000000 0.000000 -1.000000
vn 0.000000 0.000000 -1.000000
vn 0.000000 0.000000 -1.000000
vn 0.000000 0.000000 -1.000000
vn 0.000000 0.000000 -1.000000
vn 0.000000 0.000000 -1.000000
vn 0.000000 0.000000 -1.000000
vn 0.000000 0.000000 -1.000000
vn 0.000000 0.000000 -1.000000
vn 0.000000 0.000000 -1.000000
vn 0.000000 0.000000 -1.000000
vn 0.000000 0.000000 -1.000000
vn 0.000000 0.000000 -1.000000
vn 0.000000 0.000000 -1.000000
vn 0.000000 0.000000 -1.000000
vn 0.000000 0.000000 -1.000000
vn 0.000000 0.000000 -1.000000
vn 0.000000 0.000000 -1.000000
vn 0.000000 0.000000 -1.000000
vn 0.000000 0.000000 -1.000000
vn 0.000000 0.000000 -1.000000
vn 0.000000 0.000000 -1.000000
vn 0.000000 0.000000 -1.000000
vn 0.000000 0.000000 -1.000000
vn 0.000000 0.000000 -1.000000
vn 0.000000 0.000000 -1.000000
vn 0.000000 0.000000 -1.000000
vn 0.000000 0.000000 -1.000000
vn 0.000000 0.000000 -1.000000
vn 0.000000 0.000000 -1.000000
vn 0.000000 0.000000 -1.000000
vn 0.000000 0.000000 -1.000000
vn 0.000000 0.000000 -1.000000
vn 0.000000 0.000000 -1.000000
vn 0.000000 0.000000 -1.000000
vn 0.000000 0.000000 -1.000000
vn 0.000000 0.000000 -1.000000
vn 0.000000 0.000000 -1.000000
vn 0.000000 0.000000 -1.000000
vn 0.000000 0.000000 -1.000000
vn 0.000000 0.000000 -1.000000
vn 0.000000 0.000000 -1.000000
vn 0.000000 0.000000 -1.000000
vn 0.000000 0.000000 -1.000000
vn 0.000000 0.000000 -1.000000
vn 0.000000 0.000000 -1.000000
vn 0.000000 0.000000 -1.000000
vn 0.000000 0.000000 -1.000000
vn 0.000000 0.000000 -1.000000
vn 0.000000 0.000000 -1.000000
vn 0.000000 0.000000 -1.000000
vn 0.000000 0.000000 -1.000000
vn 0.000000 0.000000 -1.000000
vn 0.000000 0.000000 -1.000000
vn 0.000000 0.000000 -1.000000
vn 0.000000 0.000000 -1.000000
vn 0.000000 0.000000 -1.000000
vn 0.000000 0.000000 -1.000000
vn 0.000000 0.000000 -1.000000
vn 0.000000 0.000000 -1.000000
vn 0.000000 0.000000 -1.000000
vn 0.000000 0.000000 -1.000000
vn 0.000000 0.000000 -1.000000
vn 0.000000 0.000000 -1.000000
vn 0.000000 0.000000 -1.000000
vn 0.000000 0.000000 -1.000000
vn 0.000000 0.000000 -1.000000
vn 0.000000 0.000000 -1.000000
vn 0.000000 0.000000 -1.000000
vn 0.000000 0.000000 -1.000000
vn 0.000000 0.000000 -1.000000
vn 0.000000 0.000000 -1.000000
vn 0.000000 0.000000 -1.000000
vn 0.000000 0.000000 -1.000000
vn 0.000000 0.000000 -1.000000
vn 0.000000 0.000000 -1.000000
vn 0.000000 0.000000 -1.000000
vn 0.000000 0.000000 -1.000000
vn 0.000000 0.000000 -1.000000
vn 0.000000 0.000000 -1.000000
vn 0.000000 0.000000 -1.000000
vn 0.000000 0.000000 -1.000000
vn 0.000000 0.000000 -1.000000
vn 0.000000 0.000000 -1.000000
vn 0.000000 0.000000 -1.000000
vn 0.000000 0.000000 -1.000000
vn 0.000000 0.000000 -1.000000
vn 0.000000 0.000000 -1.000000
vn 0.000000 0.000000 -1.000000
vn 0.000000 0.000000 -1.000000
vn 0.000000 0.000000 -1.000000
vn 0.000000 0.000000 -1.000000
vn 0.000000 0.000000 -1.000000
vn 0.000000 0.000000 -1.000000
vn 0.000000 0.000000 -1.000000
vn 0.000000 0.000000 -1.000000
vn 0.000000 0.000000 -1.000000
vn 0.000000 0.000000 -1.000000
vn 0.000000 0.000000 -1.000000
vn 0.000000 0.000000 -1.000000
vn 0.987688 0.156434 -0.000000
vn 0.987688 0.156434 -0.000000
vn 1.000000 -0.000000 -0.000000
vn 1.000000 -0.000000 -0.000000
vn 0.987688 -0.156434 -0.000000
vn 0.987688 -0.156434 -0.000000
vn 0.951057 -0.309017 -0.000000
vn 0.951057 -0.309017 -0.000000
vn 0.891007 -0.453990 -0.000000
vn 0.891007 -0.453990 -0.000000
vn 0.809017 -0.587785 -0.000000
vn 0.809017 -0.587785 -0.000000
vn 0.707107 -0.707107 -0.000000
vn 0.707107 -0.707107 -0.000000
vn 0.587785 -0.809017 -0.000000
vn 0.587785 -0.809017 -0.000000
vn 0.453990 -0.891007 -0.000000
vn 0.453990 -0.891007 -0.000000
vn 0.309017 -0.951057 -0.000000
vn 0.309017 -0.951057 -0.000000
vn 0.156434 -0.987688 -0.000000
vn 0.156434 -0.987688 -0.000000
vn -0.000000 -1.000000 0.000000
vn -0.000000 -1.000000 0.000000
vn -0.156434 -0.987688 0.000000
vn -0.156434 -0.987688 0.000000
vn -0.309017 -0.951057 0.000000
vn -0.309017 -0.951057 0.000000
vn -0.453990 -0.891007 0.000000
vn -0.453990 -0.891007 0.000000
vn -0.587785 -0.809017 0.000000
vn -0.587785 -0.809017 0.000000
vn -0.707107 -0.707107 0.000000
vn -0.707107 -0.707107 0.000000
vn -0.809017 -0.587785 0.000000
vn -0.809017 -0.587785 0.000000
vn -0.891007 -0.453990 0.000000
vn -0.891007 -0.453990 0.000000
vn -0.951057 -0.309017 0.000000
vn -0.951057 -0.309017 0.000000
vn -0.987688 -0.156434 0.000000
vn -0.987688 -0.156434 0.000000
vn -1.000000 -0.000000 0.000000
vn -1.000000 -0.000000 0.000000
vn -0.987688 0.156434 -0.000000
vn -0.987688 0.156434 -0.000000
vn -0.951057 0.309017 -0.000000
vn -0.951057 0.309017 -0.000000
vn -0.891007 0.453990 -0.000000
vn -0.891007 0.453990 -0.000000
vn -0.809017 0.587785 -0.000000
vn -0.809017 0.587785 -0.000000
vn -0.707107 0.707107 -0.000000
vn -0.707107 0.707107 -0.000000
vn -0.587785 0.809017 -0.000000
vn -0.587785 0.809017 -0.000000
vn -0.453990 0.891007 -0.000000
vn -0.453990 0.891007 -0.000000
vn -0.309017 0.951057 -0.000000
vn -0.309017 0.951057 -0.000000
vn -0.156434 0.987688 -0.000000
vn -0.156434 0.987688 -0.000000
vn 0.000000 1.000000 -0.000000
vn 0.000000 1.000000 -0.000000
vn 0.156434 0.987688 -0.000000
vn 0.156434 0.987688 -0.000000
vn 0.309017 0.951057 -0.000000
vn 0.309017 0.951057 -0.000000
vn 0.453990 0.891007 -0.000000
vn 0.453990 0.891007 -0.000000
vn 0.587785 0.809017 -0.000000
vn 0.587785 0.809017 -0.000000
vn 0.707107 0.707107 -0.000000
vn 0.707107 0.707107 -0.000000
vn 0.809017 0.587785 -0.000000
vn 0.809017 0.587785 -0.000000
vn 0.891007 0.453990 -0.000000
vn 0.891007 0.453990 -0.000000
vn 0.951057 0.309017 -0.000000
vn 0.951057 0.309017 -0.000000
usemtl Steel_-_Satin
f 2/1/1 64/2/2 1/3/3
f 1/3/3 64/2/2 33/4/4
f 1/3/3 33/4/4 32/5/5
f 32/5/5 33/4/4 34/6/6
f 32/5/5 34/6/6 35/7/7
f 2/1/1 3/8/8 64/2/2
f 64/2/2 3/8/8 63/9/9
f 63/9/9 3/8/8 4/10/10
f 63/9/9 4/10/10 62/11/11
f 62/11/11 4/10/10 5/12/12
f 62/11/11 5/12/12 61/13/13
f 61/13/13 5/12/12 60/14/14
f 60/14/14 5/12/12 6/15/15
f 60/14/14 6/15/15 59/16/16
f 59/16/16 6/15/15 7/17/17
f 59/16/16 7/17/17 58/18/18
f 58/18/18 7/17/17 8/19/19
f 58/18/18 8/19/19 57/20/20
f 57/20/20 8/19/19 9/21/21
f 57/20/20 9/21/21 10/22/22
f 57/20/20 10/22/22 56/23/23
f 56/23/23 10/22/22 11/24/24
f 56/23/23 11/24/24 55/25/25
f 55/25/25 11/24/24 12/26/26
f 55/25/25 12/26/26 54/27/27
f 54/27/27 12/26/26 13/28/28
f 54/27/27 13/28/28 53/29/29
f 53/29/29 13/28/28 14/30/30
f 53/29/29 14/30/30 52/31/31
f 52/31/31 14/30/30 15/32/32
f 52/31/31 15/32/32 51/33/33
f 51/33/33 15/32/32 16/34/34
f 51/33/33 16/34/34 50/35/35
f 50/35/35 16/34/34 49/36/36
f 49/36/36 16/34/34 17/37/37
f 49/38/36 17/39/37 48/40/38
f 48/40/38 17/39/37 18/41/39
f 48/40/38 18/41/39 19/42/40
f 48/40/38 19/42/40 47/43/41
f 47/43/41 19/42/40 20/44/42
f 47/43/41 20/44/42 46/45/43
f 46/45/43 20/44/42 21/46/44
f 46/45/43 21/46/44 45/47/45
f 45/47/45 21/46/44 44/48/46
f 44/48/46 21/46/44 22/49/47
f 44/48/46 22/49/47 43/50/48
f 43/50/48 22/49/47 23/51/49
f 43/50/48 23/51/49 42/52/50
f 42/52/50 23/51/49 24/53/51
f 42/52/50 24/53/51 41/54/52
f 41/54/52 24/53/51 25/55/53
f 41/54/52 25/55/53 26/56/54
f 41/54/52 26/56/54 40/57/55
f 40/57/55 26/56/54 27/58/56
f 40/57/55 27/58/56 39/59/57
f 39/59/57 27/58/56 28/60/58
f 39/59/57 28/60/58 38/61/59
f 38/61/59 28/60/58 29/62/60
f 38/61/59 29/62/60 37/63/61
f 37/63/61 29/62/60 30/64/62
f 37/63/61 30/64/62 36/65/63
f 36/65/63 30/64/62 31/66/64
f 36/65/63 31/66/64 35/7/7
f 35/7/7 31/66/64 32/5/5
f 66/67/65 128/68/66 65/69/67
f 65/69/67 128/68/66 97/70/68
f 65/69/67 97/70/68 98/71/69
f 66/67/65 67/72/70 128/68/66
f 128/68/66 67/72/70 127/73/71
f 127/73/71 67/72/70 68/74/72
f 127/73/71 68/74/72 126/75/73
f 126/75/73 68/74/72 125/76/74
f 125/76/74 68/74/72 69/77/75
f 125/76/74 69/77/75 70/78/76
f 125/76/74 70/78/76 124/79/77
f 124/79/77 70/78/76 71/80/78
f 124/79/77 71/80/78 123/81/79
f 123/81/79 71/80/78 72/82/80
f 123/81/79 72/82/80 122/83/81
f 122/83/81 72/82/80 73/84/82
f 122/83/81 73/84/82 121/85/83
f 121/85/83 73/84/82 120/86/84
f 120/86/84 73/84/82 74/87/85
f 120/86/84 74/87/85 119/88/86
f 119/88/86 74/87/85 75/89/87
f 119/88/86 75/89/87 118/90/88
f 118/90/88 75/89/87 76/91/89
f 118/90/88 76/91/89 117/92/90
f 117/92/90 76/91/89 77/93/91
f 117/92/90 77/93/91 116/94/92
f 116/94/92 77/93/91 78/95/93
f 116/94/92 78/95/93 79/96/94
f 116/94/92 79/96/94 115/97/95
f 115/97/95 79/96/94 80/98/96
f 115/97/95 80/98/96 114/99/97
f 114/99/97 80/98/96 81/100/98
f 114/99/97 81/100/98 113/101/99
f 113/102/99 81/103/98 112/104/100
f 112/104/100 81/103/98 82/105/101
f 112/104/100 82/105/101 83/106/102
f 112/104/100 83/106/102 111/107/103
f 111/107/103 83/106/102 84/108/104
f 111/107/103 84/108/104 110/109/105
f 110/109/105 84/108/104 109/110/106
f 109/110/106 84/108/104 85/111/107
f 109/110/106 85/111/107 86/112/108
f 109/110/106 86/112/108 108/113/109
f 108/113/109 86/112/108 87/114/110
f 108/113/109 87/114/110 107/115/111
f 107/115/111 87/114/110 88/116/112
f 107/115/111 88/116/112 106/117/113
f 106/117/113 88/116/112 89/118/114
f 106/117/113 89/118/114 105/119/115
f 105/119/115 89/118/114 104/120/116
f 104/120/116 89/118/114 90/121/117
f 104/120/116 90/121/117 103/122/118
f 103/122/118 90/121/117 91/123/119
f 103/122/118 91/123/119 102/124/120
f 102/124/120 91/123/119 92/125/121
f 102/124/120 92/125/121 101/126/122
f 101/126/122 92/125/121 93/127/123
f 101/126/122 93/127/123 100/128/124
f 100/128/124 93/127/123 94/129/125
f 100/128/124 94/129/125 95/130/126
f 100/128/124 95/130/126 99/131/127
f 99/131/127 95/130/126 96/132/128
f 99/131/127 96/132/128 98/71/69
f 98/71/69 96/132/128 65/69/67
f 130/133/129 192/134/130 129/135/131
f 129/135/131 192/134/130 161/136/132
f 129/137/131 161/138/132 160/139/133
f 160/139/133 161/138/132 162/140/134
f 160/139/133 162/140/134 163/141/135
f 130/133/129 131/142/136 192/134/130
f 192/134/130 131/142/136 191/143/137
f 191/143/137 131/142/136 132/144/138
f 191/143/137 132/144/138 190/145/139
f 190/145/139 132/144/138 133/146/140
f 190/145/139 133/146/140 189/147/141
f 189/147/141 133/146/140 188/148/142
f 188/148/142 133/146/140 134/149/143
f 188/148/142 134/149/143 187/150/144
f 187/150/144 134/149/143 135/151/145
f 187/150/144 135/151/145 186/152/146
f 186/152/146 135/151/145 136/153/147
f 186/152/146 136/153/147 185/154/148
f 185/154/148 136/153/147 137/155/149
f 185/154/148 137/155/149 138/156/150
f 185/154/148 138/156/150 184/157/151
f 184/157/151 138/156/150 139/158/152
f 184/157/151 139/158/152 183/159/153
f 183/159/153 139/158/152 140/160/154
f 183/159/153 140/160/154 182/161/155
f 182/161/155 140/160/154 141/162/156
f 182/161/155 141/162/156 181/163/157
f 181/163/157 141/162/156 142/164/158
f 181/163/157 142/164/158 180/165/159
f 180/165/159 142/164/158 143/166/160
f 180/165/159 143/166/160 179/167/161
f 179/167/161 143/166/160 144/168/162
f 179/167/161 144/168/162 178/169/163
f 178/169/163 144/168/162 177/170/164
f 177/170/164 144/168/162 145/171/165
f 177/170/164 145/171/165 176/172/166
f 176/172/166 145/171/165 146/173/167
f 176/172/166 146/173/167 147/174/168
f 176/172/166 147/174/168 175/175/169
f 175/175/169 147/174/168 148/176/170
f 175/175/169 148/176/170 174/177/171
f 174/177/171 148/176/170 149/178/172
f 174/177/171 149/178/172 173/179/173
f 173/179/173 149/178/172 172/180/174
f 172/180/174 149/178/172 150/181/175
f 172/180/174 150/181/175 171/182/176
f 171/182/176 150/181/175 151/183/177
f 171/182/176 151/183/177 170/184/178
f 170/184/178 151/183/177 152/185/179
f 170/184/178 152/185/179 169/186/180
f 169/186/180 152/185/179 153/187/181
f 169/186/180 153/187/181 154/188/182
f 169/186/180 154/188/182 168/189/183
f 168/189/183 154/188/182 155/190/184
f 168/189/183 155/190/184 167/191/185
f 167/191/185 155/190/184 156/192/186
f 167/191/185 156/192/186 166/193/187
f 166/193/187 156/192/186 157/194/188
f 166/193/187 157/194/188 165/195/189
f 165/195/189 157/194/188 158/196/190
f 165/195/189 158/196/190 164/197/191
f 164/197/191 158/196/190 159/198/192
f 164/197/191 159/198/192 163/141/135
f 163/141/135 159/198/192 160/139/133
f 194/199/193 256/200/194 193/201/195
f 193/201/195 256/200/194 225/202/196
f 193/203/195 225/204/196 226/205/197
f 194/199/193 195/206/198 256/200/194
f 256/200/194 195/206/198 255/207/199
f 255/207/199 195/206/198 196/208/200
f 255/207/199 196/208/200 254/209/201
f 254/209/201 196/208/200 253/210/202
f 253/210/202 196/208/200 197/211/203
f 253/210/202 197/211/203 198/212/204
f 253/210/202 198/212/204 252/213/205
f 252/213/205 198/212/204 199/214/206
f 252/213/205 199/214/206 251/215/207
f 251/215/207 199/214/206 200/216/208
f 251/215/207 200/216/208 250/217/209
f 250/217/209 200/216/208 201/218/210
f 250/217/209 201/218/210 249/219/211
f 249/219/211 201/218/210 248/220/212
f 248/220/212 201/218/210 202/221/213
f 248/220/212 202/221/213 247/222/214
f 247/222/214 202/221/213 203/223/215
f 247/222/214 203/223/215 246/224/216
f 246/224/216 203/223/215 204/225/217
f 246/224/216 204/225/217 245/226/218
f 245/226/218 204/225/217 205/227/219
f 245/226/218 205/227/219 244/228/220
f 244/228/220 205/227/219 206/229/221
f 244/228/220 206/229/221 207/230/222
f 244/228/220 207/230/222 243/231/223
f 243/231/223 207/230/222 208/232/224
f 243/231/223 208/232/224 242/233/225
f 242/233/225 208/232/224 209/234/226
f 242/233/225 209/234/226 241/235/227
f 241/235/227 209/234/226 240/236/228
f 240/236/228 209/234/226 210/237/229
f 240/236/228 210/237/229 211/238/230
f 240/236/228 211/238/230 239/239/231
f 239/239/231 211/238/230 212/240/232
f 239/239/231 212/240/232 238/241/233
f 238/241/233 212/240/232 237/242/234
f 237/242/234 212/240/232 213/243/235
f 237/242/234 213/243/235 214/244/236
f 237/242/234 214/244/236 236/245/237
f 236/245/237 214/244/236 215/246/238
f 236/245/237 215/246/238 235/247/239
f 235/247/239 215/246/238 216/248/240
f 235/247/239 216/248/240 234/249/241
f 234/249/241 216/248/240 217/250/242
f 234/249/241 217/250/242 233/251/243
f 233/251/243 217/250/242 232/252/244
f 232/252/244 217/250/242 218/253/245
f 232/252/244 218/253/245 231/254/246
f 231/254/246 218/253/245 219/255/247
f 231/254/246 219/255/247 230/256/248
f 230/256/248 219/255/247 220/257/249
f 230/256/248 220/257/249 229/258/250
f 229/258/250 220/257/249 221/259/251
f 229/258/250 221/259/251 228/260/252
f 228/260/252 221/259/251 222/261/253
f 228/260/252 222/261/253 223/262/254
f 228/260/252 223/262/254 227/263/255
f 227/263/255 223/262/254 224/264/256
f 227/263/255 224/264/256 226/205/197
f 226/205/197 224/264/256 193/203/195
f 96/265/257 258/266/258 65/267/259
f 65/267/259 258/266/258 304/268/260
f 65/267/259 304/268/260 66/269/261
f 66/269/261 304/268/260 67/270/262
f 67/270/262 304/268/260 68/271/263
f 68/271/263 304/268/260 281/272/264
f 68/271/263 281/272/264 69/273/265
f 69/273/265 281/272/264 70/274/266
f 70/274/266 281/272/264 71/275/267
f 71/275/267 281/272/264 72/276/268
f 72/276/268 281/272/264 73/277/269
f 73/278/269 281/279/264 74/280/270
f 74/280/270 281/279/264 75/281/271
f 75/281/271 281/279/264 76/282/272
f 76/282/272 281/279/264 77/283/273
f 77/283/273 281/279/264 282/284/274
f 77/283/273 282/284/274 78/285/275
f 78/285/275 282/284/274 79/286/276
f 79/286/276 282/284/274 80/287/277
f 80/287/277 282/284/274 81/288/278
f 81/288/278 282/284/274 280/289/279
f 81/288/278 280/289/279 82/290/280
f 82/290/280 280/289/279 83/291/281
f 83/291/281 280/289/279 84/292/282
f 84/292/282 280/289/279 85/293/283
f 85/293/283 280/289/279 257/294/284
f 85/293/283 257/294/284 86/295/285
f 86/295/285 257/294/284 87/296/286
f 87/296/286 257/294/284 88/297/287
f 88/297/287 257/294/284 89/298/288
f 89/299/288 257/300/284 90/301/289
f 90/301/289 257/300/284 91/302/290
f 91/302/290 257/300/284 92/303/291
f 92/303/291 257/300/284 93/304/292
f 93/304/292 257/300/284 94/305/293
f 94/305/293 257/300/284 258/266/258
f 94/305/293 258/266/258 95/306/294
f 95/306/294 258/266/258 96/265/257
f 64/307/295 294/308/296 33/309/297
f 33/309/297 294/308/296 268/310/298
f 33/309/297 268/310/298 34/311/299
f 34/311/299 268/310/298 35/312/300
f 35/312/300 268/310/298 36/313/301
f 36/313/301 268/310/298 37/314/302
f 37/314/302 268/310/298 269/315/303
f 37/314/302 269/315/303 38/316/304
f 38/316/304 269/315/303 39/317/305
f 39/317/305 269/315/303 40/318/306
f 40/318/306 269/315/303 41/319/307
f 41/319/307 269/315/303 42/320/308
f 42/320/308 269/315/303 43/321/309
f 43/321/309 269/315/303 44/322/310
f 44/322/310 269/315/303 45/323/311
f 45/323/311 269/315/303 46/324/312
f 46/324/312 269/315/303 270/325/313
f 46/324/312 270/325/313 47/326/314
f 47/326/314 270/325/313 48/327/315
f 48/327/315 270/325/313 49/328/316
f 49/328/316 270/325/313 292/329/317
f 49/328/316 292/329/317 50/330/318
f 50/330/318 292/329/317 51/331/319
f 51/331/319 292/329/317 52/332/320
f 52/332/320 292/329/317 293/333/321
f 52/332/320 293/333/321 53/334/322
f 53/334/322 293/333/321 54/335/323
f 54/335/323 293/333/321 55/336/324
f 55/336/324 293/333/321 56/337/325
f 56/337/325 293/333/321 57/338/326
f 57/338/326 293/333/321 58/339/327
f 58/339/327 293/333/321 59/340/328
f 59/340/328 293/333/321 60/341/329
f 60/341/329 293/333/321 61/342/330
f 61/342/330 293/333/321 294/308/296
f 61/342/330 294/308/296 62/343/331
f 62/343/331 294/308/296 63/344/332
f 63/344/332 294/308/296 64/307/295
f 224/345/333 264/346/334 193/347/335
f 193/347/335 264/346/334 298/348/336
f 193/347/335 298/348/336 194/349/337
f 194/349/337 298/348/336 195/350/338
f 195/350/338 298/348/336 196/351/339
f 196/351/339 298/348/336 299/352/340
f 196/351/339 299/352/340 197/353/341
f 197/353/341 299/352/340 198/354/342
f 198/354/342 299/352/340 199/355/343
f 199/355/343 299/352/340 200/356/344
f 200/356/344 299/352/340 201/357/345
f 201/357/345 299/352/340 202/358/346
f 202/358/346 299/352/340 203/359/347
f 203/359/347 299/352/340 204/360/348
f 204/360/348 299/352/340 205/361/349
f 205/361/349 299/352/340 300/362/350
f 205/361/349 300/362/350 206/363/351
f 206/363/351 300/362/350 207/364/352
f 207/364/352 300/362/350 208/365/353
f 208/365/353 300/362/350 209/366/354
f 209/366/354 300/362/350 262/367/355
f 209/366/354 262/367/355 210/368/356
f 210/368/356 262/367/355 211/369/357
f 211/369/357 262/367/355 212/370/358
f 212/370/358 262/367/355 213/371/359
f 213/371/359 262/367/355 263/372/360
f 213/371/359 263/372/360 214/373/361
f 214/373/361 263/372/360 215/374/362
f 215/374/362 263/372/360 216/375/363
f 216/375/363 263/372/360 217/376/364
f 217/376/364 263/372/360 218/377/365
f 218/377/365 263/372/360 219/378/366
f 219/378/366 263/372/360 220/379/367
f 220/379/367 263/372/360 221/380/368
f 221/380/368 263/372/360 222/381/369
f 222/381/369 263/372/360 264/346/334
f 222/381/369 264/346/334 223/382/370
f 223/382/370 264/346/334 224/345/333
f 192/383/371 288/384/372 161/385/373
f 161/385/373 288/384/372 274/386/374
f 161/385/373 274/386/374 162/387/375
f 162/387/375 274/386/374 163/388/376
f 163/388/376 274/386/374 164/389/377
f 164/389/377 274/386/374 165/390/378
f 165/390/378 274/386/374 275/391/379
f 165/390/378 275/391/379 166/392/380
f 166/392/380 275/391/379 167/393/381
f 167/393/381 275/391/379 168/394/382
f 168/394/382 275/391/379 169/395/383
f 169/395/383 275/391/379 170/396/384
f 170/396/384 275/391/379 171/397/385
f 171/397/385 275/391/379 172/398/386
f 172/398/386 275/391/379 173/399/387
f 173/399/387 275/391/379 174/400/388
f 174/400/388 275/391/379 276/401/389
f 174/400/388 276/401/389 175/402/390
f 175/402/390 276/401/389 176/403/391
f 176/403/391 276/401/389 177/404/392
f 177/404/392 276/401/389 286/405/393
f 177/404/392 286/405/393 178/406/394
f 178/406/394 286/405/393 179/407/395
f 179/407/395 286/405/393 180/408/396
f 180/408/396 286/405/393 287/409/397
f 180/408/396 287/409/397 181/410/398
f 181/410/398 287/409/397 182/411/399
f 182/411/399 287/409/397 183/412/400
f 183/412/400 287/409/397 184/413/401
f 184/413/401 287/409/397 185/414/402
f 185/414/402 287/409/397 186/415/403
f 186/415/403 287/409/397 187/416/404
f 187/416/404 287/409/397 188/417/405
f 188/417/405 287/409/397 189/418/406
f 189/418/406 287/409/397 288/384/372
f 189/418/406 288/384/372 190/419/407
f 190/419/407 288/384/372 191/420/408
f 191/420/408 288/384/372 192/383/371
f 304/268/260 258/266/258 303/421/409
f 303/421/409 258/266/258 259/422/410
f 303/421/409 259/422/410 302/423/411
f 302/423/411 259/422/410 260/424/412
f 302/423/411 260/424/412 301/425/413
f 301/425/413 260/424/412 261/426/414
f 301/425/413 261/426/414 300/362/350
f 300/362/350 261/426/414 262/367/355
f 298/348/336 264/346/334 297/427/415
f 297/427/415 264/346/334 265/428/416
f 297/427/415 265/428/416 296/429/417
f 296/429/417 265/428/416 266/430/418
f 296/429/417 266/430/418 295/431/419
f 295/431/419 266/430/418 267/432/420
f 295/431/419 267/432/420 294/308/296
f 294/308/296 267/432/420 268/310/298
f 292/329/317 270/325/313 291/433/421
f 291/433/421 270/325/313 271/434/422
f 291/433/421 271/434/422 290/435/423
f 290/435/423 271/434/422 272/436/424
f 290/435/423 272/436/424 289/437/425
f 289/437/425 272/436/424 273/438/426
f 289/437/425 273/438/426 288/384/372
f 288/384/372 273/438/426 274/386/374
f 286/405/393 276/401/389 285/439/427
f 285/439/427 276/401/389 277/440/428
f 285/439/427 277/440/428 284/441/429
f 284/441/429 277/440/428 278/442/430
f 284/441/429 278/442/430 283/443/431
f 283/443/431 278/442/430 279/444/432
f 283/443/431 279/444/432 282/284/274
f 282/284/274 279/444/432 280/289/279
f 128/445/433 334/446/434 97/447/435
f 97/447/435 334/446/434 332/448/436
f 97/447/435 332/448/436 98/449/437
f 98/449/437 332/448/436 305/450/438
f 98/449/437 305/450/438 99/451/439
f 99/451/439 305/450/438 100/452/440
f 100/452/440 305/450/438 101/453/441
f 101/453/441 305/450/438 102/454/442
f 102/454/442 305/450/438 103/455/443
f 103/455/443 305/450/438 104/456/444
f 104/456/444 305/450/438 105/457/445
f 105/458/445 305/459/438 106/460/446
f 106/460/446 305/459/438 107/461/447
f 107/461/447 305/459/438 108/462/448
f 108/462/448 305/459/438 109/463/449
f 109/463/449 305/459/438 110/464/450
f 110/464/450 305/459/438 306/465/451
f 110/464/450 306/465/451 111/466/452
f 111/466/452 306/465/451 112/467/453
f 112/467/453 306/465/451 113/468/454
f 113/468/454 306/465/451 360/469/455
f 113/468/454 360/469/455 114/470/456
f 114/470/456 360/469/455 115/471/457
f 115/471/457 360/469/455 116/472/458
f 116/472/458 360/469/455 333/473/459
f 116/472/458 333/473/459 117/474/460
f 117/474/460 333/473/459 118/475/461
f 118/475/461 333/473/459 119/476/462
f 119/476/462 333/473/459 120/477/463
f 120/477/463 333/473/459 121/478/464
f 121/479/464 333/480/459 122/481/465
f 122/481/465 333/480/459 123/482/466
f 123/482/466 333/480/459 124/483/467
f 124/483/467 333/480/459 125/484/468
f 125/484/468 333/480/459 126/485/469
f 126/485/469 333/480/459 127/486/470
f 127/486/470 333/480/459 128/445/433
f 128/445/433 333/480/459 334/446/434
f 32/487/471 320/488/472 1/489/473
f 1/489/473 320/488/472 346/490/474
f 1/489/473 346/490/474 2/491/475
f 2/491/475 346/490/474 3/492/476
f 3/492/476 346/490/474 4/493/477
f 4/493/477 346/490/474 347/494/478
f 4/493/477 347/494/478 5/495/479
f 5/495/479 347/494/478 6/496/480
f 6/496/480 347/494/478 7/497/481
f 7/497/481 347/494/478 8/498/482
f 8/498/482 347/494/478 9/499/483
f 9/499/483 347/494/478 10/500/484
f 10/500/484 347/494/478 11/501/485
f 11/501/485 347/494/478 12/502/486
f 12/502/486 347/494/478 13/503/487
f 13/503/487 347/494/478 14/504/488
f 14/504/488 347/494/478 15/505/489
f 15/505/489 347/494/478 16/506/490
f 16/506/490 347/494/478 348/507/491
f 16/506/490 348/507/491 17/508/492
f 17/508/492 348/507/491 318/509/493
f 17/508/492 318/509/493 18/510/494
f 18/510/494 318/509/493 319/511/495
f 18/510/494 319/511/495 19/512/496
f 19/512/496 319/511/495 20/513/497
f 20/513/497 319/511/495 21/514/498
f 21/514/498 319/511/495 22/515/499
f 22/515/499 319/511/495 23/516/500
f 23/516/500 319/511/495 24/517/501
f 24/517/501 319/511/495 25/518/502
f 25/518/502 319/511/495 26/519/503
f 26/519/503 319/511/495 27/520/504
f 27/520/504 319/511/495 28/521/505
f 28/521/505 319/511/495 29/522/506
f 29/522/506 319/511/495 30/523/507
f 30/523/507 319/511/495 320/488/472
f 30/523/507 320/488/472 31/524/508
f 31/524/508 320/488/472 32/487/471
f 256/525/509 341/526/510 225/527/511
f 225/527/511 341/526/510 325/528/512
f 225/527/511 325/528/512 226/529/513
f 226/529/513 325/528/512 326/530/514
f 226/529/513 326/530/514 227/531/515
f 227/531/515 326/530/514 228/532/516
f 228/532/516 326/530/514 229/533/517
f 229/533/517 326/530/514 230/534/518
f 230/534/518 326/530/514 231/535/519
f 231/535/519 326/530/514 232/536/520
f 232/536/520 326/530/514 233/537/521
f 233/537/521 326/530/514 234/538/522
f 234/538/522 326/530/514 235/539/523
f 235/539/523 326/530/514 236/540/524
f 236/540/524 326/530/514 237/541/525
f 237/541/525 326/530/514 238/542/526
f 238/542/526 326/530/514 327/543/527
f 238/542/526 327/543/527 239/544/528
f 239/544/528 327/543/527 240/545/529
f 240/545/529 327/543/527 241/546/530
f 241/546/530 327/543/527 339/547/531
f 241/546/530 339/547/531 242/548/532
f 242/548/532 339/547/531 243/549/533
f 243/549/533 339/547/531 244/550/534
f 244/550/534 339/547/531 340/551/535
f 244/550/534 340/551/535 245/552/536
f 245/552/536 340/551/535 246/553/537
f 246/553/537 340/551/535 247/554/538
f 247/554/538 340/551/535 248/555/539
f 248/555/539 340/551/535 249/556/540
f 249/556/540 340/551/535 250/557/541
f 250/557/541 340/551/535 251/558/542
f 251/558/542 340/551/535 252/559/543
f 252/559/543 340/551/535 253/560/544
f 253/560/544 340/551/535 254/561/545
f 254/561/545 340/551/535 255/562/546
f 255/562/546 340/551/535 256/525/509
f 256/525/509 340/551/535 341/526/510
f 160/563/547 313/564/548 129/565/549
f 129/565/549 313/564/548 353/566/550
f 129/565/549 353/566/550 130/567/551
f 130/567/551 353/566/550 131/568/552
f 131/568/552 353/566/550 132/569/553
f 132/569/553 353/566/550 354/570/554
f 132/569/553 354/570/554 133/571/555
f 133/571/555 354/570/554 134/572/556
f 134/572/556 354/570/554 135/573/557
f 135/573/557 354/570/554 136/574/558
f 136/574/558 354/570/554 137/575/559
f 137/575/559 354/570/554 138/576/560
f 138/576/560 354/570/554 139/577/561
f 139/577/561 354/570/554 140/578/562
f 140/578/562 354/570/554 141/579/563
f 141/579/563 354/570/554 142/580/564
f 142/580/564 354/570/554 143/581/565
f 143/581/565 354/570/554 144/582/566
f 144/582/566 354/570/554 355/583/567
f 144/582/566 355/583/567 145/584/568
f 145/584/568 355/583/567 311/585/569
f 145/584/568 311/585/569 146/586/570
f 146/586/570 311/585/569 312/587/571
f 146/586/570 312/587/571 147/588/572
f 147/588/572 312/587/571 148/589/573
f 148/589/573 312/587/571 149/590/574
f 149/590/574 312/587/571 150/591/575
f 150/591/575 312/587/571 151/592/576
f 151/592/576 312/587/571 152/593/577
f 152/593/577 312/587/571 153/594/578
f 153/594/578 312/587/571 154/595/579
f 154/595/579 312/587/571 155/596/580
f 155/596/580 312/587/571 156/597/581
f 156/597/581 312/587/571 157/598/582
f 157/598/582 312/587/571 158/599/583
f 158/599/583 312/587/571 313/564/548
f 158/599/583 313/564/548 159/600/584
f 159/600/584 313/564/548 160/563/547
f 360/469/455 306/465/451 359/601/585
f 359/601/585 306/465/451 307/602/586
f 359/601/585 307/602/586 358/603/587
f 358/603/587 307/602/586 308/604/588
f 358/603/587 308/604/588 357/605/589
f 357/605/589 308/604/588 309/606/590
f 357/605/589 309/606/590 356/607/591
f 356/607/591 309/606/590 310/608/592
f 356/607/591 310/608/592 355/583/567
f 355/583/567 310/608/592 311/585/569
f 353/566/550 313/564/548 352/609/593
f 352/609/593 313/564/548 314/610/594
f 352/609/593 314/610/594 351/611/595
f 351/611/595 314/610/594 315/612/596
f 351/611/595 315/612/596 350/613/597
f 350/613/597 315/612/596 316/614/598
f 350/613/597 316/614/598 349/615/599
f 349/615/599 316/614/598 317/616/600
f 349/615/599 317/616/600 348/507/491
f 348/507/491 317/616/600 318/509/493
f 346/490/474 320/488/472 345/617/601
f 345/617/601 320/488/472 321/618/602
f 345/617/601 321/618/602 344/619/603
f 344/619/603 321/618/602 322/620/604
f 344/619/603 322/620/604 343/621/605
f 343/621/605 322/620/604 323/622/606
f 343/621/605 323/622/606 342/623/607
f 342/623/607 323/622/606 324/624/608
f 342/623/607 324/624/608 341/526/510
f 341/526/510 324/624/608 325/528/512
f 339/547/531 327/543/527 338/625/609
f 338/625/609 327/543/527 328/626/610
f 338/625/609 328/626/610 337/627/611
f 337/627/611 328/626/610 329/628/612
f 337/627/611 329/628/612 336/629/613
f 336/629/613 329/628/612 330/630/614
f 336/629/613 330/630/614 335/631/615
f 335/631/615 330/630/614 331/632/616
f 335/631/615 331/632/616 334/446/434
f 334/446/434 331/632/616 332/448/436
f 280/633/617 306/634/618 257/635/619
f 257/635/619 306/634/618 305/636/620
f 257/635/619 305/636/620 332/637/621
f 306/634/618 280/633/617 307/638/622
f 307/638/622 280/633/617 279/639/623
f 307/638/622 279/639/623 308/640/624
f 308/640/624 279/639/623 278/641/625
f 308/640/624 278/641/625 309/642/626
f 309/642/626 278/641/625 277/643/627
f 309/642/626 277/643/627 310/644/628
f 310/644/628 277/643/627 276/645/629
f 310/644/628 276/645/629 311/646/630
f 311/646/630 276/645/629 275/647/631
f 311/646/630 275/647/631 312/648/632
f 312/648/632 275/647/631 313/649/633
f 313/649/633 275/647/631 274/650/634
f 313/649/633 274/650/634 314/651/635
f 314/651/635 274/650/634 273/652/636
f 314/651/635 273/652/636 315/653/637
f 315/653/637 273/652/636 272/654/638
f 315/653/637 272/654/638 316/655/639
f 316/655/639 272/654/638 271/656/640
f 316/655/639 271/656/640 317/657/641
f 317/657/641 271/656/640 270/658/642
f 317/657/641 270/658/642 318/659/643
f 318/659/643 270/658/642 269/660/644
f 318/659/643 269/660/644 319/661/645
f 319/661/645 269/660/644 320/662/646
f 320/662/646 269/660/644 268/663/647
f 320/662/646 268/663/647 321/664/648
f 321/664/648 268/663/647 267/665/649
f 321/664/648 267/665/649 322/666/650
f 322/666/650 267/665/649 266/667/651
f 322/666/650 266/667/651 323/668/652
f 323/668/652 266/667/651 265/669/653
f 323/668/652 265/669/653 324/670/654
f 324/670/654 265/669/653 264/671/655
f 324/670/654 264/671/655 325/672/656
f 325/672/656 264/671/655 263/673/657
f 325/672/656 263/673/657 326/674/658
f 326/674/658 263/673/657 327/675/659
f 327/675/659 263/673/657 262/676/660
f 327/675/659 262/676/660 328/677/661
f 328/677/661 262/676/660 261/678/662
f 328/677/661 261/678/662 329/679/663
f 329/679/663 261/678/662 260/680/664
f 329/679/663 260/680/664 330/681/665
f 330/681/665 260/680/664 259/682/666
f 330/681/665 259/682/666 331/683/667
f 331/683/667 259/682/666 258/684/668
f 331/683/667 258/684/668 332/637/621
f 332/637/621 258/684/668 257/635/619
f 361/685/669 362/686/670 436/687/671
f 436/687/671 362/686/670 363/688/672
f 436/687/671 363/688/672 338/689/673
f 338/689/673 363/688/672 364/690/674
f 338/689/673 364/690/674 339/691/675
f 339/691/675 364/690/674 365/692/676
f 339/691/675 365/692/676 366/693/677
f 339/691/675 366/693/677 340/694/678
f 340/694/678 366/693/677 367/695/679
f 340/694/678 367/695/679 368/696/680
f 340/694/678 368/696/680 341/697/681
f 341/697/681 368/696/680 369/698/682
f 341/697/681 369/698/682 370/699/683
f 341/697/681 370/699/683 342/700/684
f 342/700/684 370/699/683 371/701/685
f 342/700/684 371/701/685 374/702/686
f 374/702/686 371/701/685 372/703/687
f 374/702/686 372/703/687 373/704/688
f 374/702/686 375/705/689 342/700/684
f 342/700/684 375/705/689 343/706/690
f 343/706/690 375/705/689 376/707/691
f 343/706/690 376/707/691 377/708/692
f 343/706/690 377/708/692 344/709/693
f 344/709/693 377/708/692 378/710/694
f 344/709/693 378/710/694 345/711/695
f 345/711/695 378/710/694 379/712/696
f 345/711/695 379/712/696 382/713/697
f 382/713/697 379/712/696 381/714/698
f 381/714/698 379/712/696 380/715/699
f 382/713/697 383/716/700 345/711/695
f 345/711/695 383/716/700 346/717/701
f 346/717/701 383/716/700 384/718/702
f 346/717/701 384/718/702 385/719/703
f 346/717/701 385/719/703 347/720/704
f 347/720/704 385/719/703 386/721/705
f 347/720/704 386/721/705 387/722/706
f 347/720/704 387/722/706 348/723/707
f 348/723/707 387/722/706 388/724/708
f 348/723/707 388/724/708 389/725/709
f 348/723/707 389/725/709 349/726/710
f 349/726/710 389/725/709 390/727/711
f 349/726/710 390/727/711 393/728/712
f 393/728/712 390/727/711 391/729/713
f 393/728/712 391/729/713 392/730/714
f 393/728/712 394/731/715 349/726/710
f 349/726/710 394/731/715 350/732/716
f 350/732/716 394/731/715 395/733/717
f 350/732/716 395/733/717 351/734/718
f 351/734/718 395/733/717 396/735/719
f 351/734/718 396/735/719 397/736/720
f 351/734/718 397/736/720 352/737/721
f 352/737/721 397/736/720 398/738/722
f 352/737/721 398/738/722 401/739/723
f 401/739/723 398/738/722 400/740/724
f 400/740/724 398/738/722 399/741/725
f 401/739/723 402/742/726 352/737/721
f 352/737/721 402/742/726 353/743/727
f 353/743/727 402/742/726 403/744/728
f 353/743/727 403/744/728 404/745/729
f 353/743/727 404/745/729 354/746/730
f 354/746/730 404/745/729 405/747/731
f 354/746/730 405/747/731 406/748/732
f 354/746/730 406/748/732 355/749/733
f 355/749/733 406/748/732 407/750/734
f 355/749/733 407/750/734 408/751/735
f 355/749/733 408/751/735 356/752/736
f 356/752/736 408/751/735 409/753/737
f 356/752/736 409/753/737 412/754/738
f 412/754/738 409/753/737 410/755/739
f 412/754/738 410/755/739 411/756/740
f 412/754/738 413/757/741 356/752/736
f 356/752/736 413/757/741 357/758/742
f 357/758/742 413/757/741 414/759/743
f 357/758/742 414/759/743 415/760/744
f 357/758/742 415/760/744 358/761/745
f 358/761/745 415/760/744 416/762/746
f 358/761/745 416/762/746 359/763/747
f 359/763/747 416/762/746 417/764/748
f 359/763/747 417/764/748 420/765/749
f 420/765/749 417/764/748 419/766/750
f 419/766/750 417/764/748 418/767/751
f 420/765/749 421/768/752 359/763/747
f 359/763/747 421/768/752 360/769/753
f 360/769/753 421/768/752 422/770/754
f 360/769/753 422/770/754 423/771/755
f 360/769/753 423/771/755 333/772/756
f 333/772/756 423/771/755 424/773/757
f 333/772/756 424/773/757 425/774/758
f 333/772/756 425/774/758 334/775/759
f 334/775/759 425/774/758 426/776/760
f 334/775/759 426/776/760 427/777/761
f 334/775/759 427/777/761 335/778/762
f 335/778/762 427/777/761 428/779/763
f 335/778/762 428/779/763 431/780/764
f 431/780/764 428/779/763 429/781/765
f 431/780/764 429/781/765 430/782/766
f 431/780/764 432/783/767 335/778/762
f 335/778/762 432/783/767 336/784/768
f 336/784/768 432/783/767 433/785/769
f 336/784/768 433/785/769 337/786/770
f 337/786/770 433/785/769 434/787/771
f 337/786/770 434/787/771 435/788/772
f 337/786/770 435/788/772 338/689/673
f 338/689/673 435/788/772 436/687/671
f 438/789/773 361/790/774 437/791/775
f 437/791/775 361/790/774 461/792/776
f 437/791/775 461/792/776 460/793/777
f 460/793/777 461/792/776 462/794/778
f 460/793/777 462/794/778 459/795/779
f 459/795/779 462/794/778 463/796/780
f 459/795/779 463/796/780 464/797/781
f 361/790/774 438/789/773 362/798/782
f 362/798/782 438/789/773 439/799/783
f 362/798/782 439/799/783 363/800/784
f 363/800/784 439/799/783 440/801/785
f 363/800/784 440/801/785 364/802/786
f 364/802/786 440/801/785 441/803/787
f 364/802/786 441/803/787 365/804/788
f 365/804/788 441/803/787 442/805/789
f 365/804/788 442/805/789 366/806/790
f 366/806/790 442/805/789 443/807/791
f 366/806/790 443/807/791 367/808/792
f 367/808/792 443/807/791 368/809/793
f 368/809/793 443/807/791 444/810/794
f 368/809/793 444/810/794 369/811/795
f 369/811/795 444/810/794 445/812/796
f 369/811/795 445/812/796 370/813/797
f 370/813/797 445/812/796 446/814/798
f 370/813/797 446/814/798 371/815/799
f 371/815/799 446/814/798 447/816/800
f 371/815/799 447/816/800 372/817/801
f 372/817/801 447/816/800 448/818/802
f 372/817/801 448/818/802 373/819/803
f 373/819/803 448/818/802 449/820/804
f 373/819/803 449/820/804 475/821/805
f 475/822/805 449/823/804 450/824/806
f 475/822/805 450/824/806 474/825/807
f 474/825/807 450/824/806 451/826/808
f 474/825/807 451/826/808 473/827/809
f 473/827/809 451/826/808 472/828/810
f 472/828/810 451/826/808 452/829/811
f 472/828/810 452/829/811 471/830/812
f 471/830/812 452/829/811 453/831/813
f 471/830/812 453/831/813 470/832/814
f 470/832/814 453/831/813 454/833/815
f 470/832/814 454/833/815 469/834/816
f 469/834/816 454/833/815 455/835/817
f 469/834/816 455/835/817 468/836/818
f 468/836/818 455/835/817 467/837/819
f 467/837/819 455/835/817 456/838/820
f 467/837/819 456/838/820 466/839/821
f 466/839/821 456/838/820 457/840/822
f 466/839/821 457/840/822 465/841/823
f 465/841/823 457/840/822 458/842/824
f 465/841/823 458/842/824 464/797/781
f 464/797/781 458/842/824 459/795/779
f 460/843/825 487/844/826 437/845/827
f 437/845/827 487/844/826 488/846/828
f 437/845/827 488/846/828 489/847/829
f 487/844/826 460/843/825 486/848/830
f 486/848/830 460/843/825 459/849/831
f 486/848/830 459/849/831 485/850/832
f 485/850/832 459/849/831 458/851/833
f 485/850/832 458/851/833 484/852/834
f 484/852/834 458/851/833 457/853/835
f 484/852/834 457/853/835 483/854/836
f 483/854/836 457/853/835 456/855/837
f 483/854/836 456/855/837 482/856/838
f 482/856/838 456/855/837 455/857/839
f 482/856/838 455/857/839 454/858/840
f 482/856/838 454/858/840 481/859/841
f 481/859/841 454/858/840 453/860/842
f 481/859/841 453/860/842 480/861/843
f 480/861/843 453/860/842 452/862/844
f 480/861/843 452/862/844 479/863/845
f 479/863/845 452/862/844 451/864/846
f 479/863/845 451/864/846 478/865/847
f 478/865/847 451/864/846 450/866/848
f 478/865/847 450/866/848 477/867/849
f 477/867/849 450/866/848 476/868/850
f 476/868/850 450/866/848 449/869/851
f 476/868/850 449/869/851 499/870/852
f 499/870/852 449/869/851 448/871/853
f 499/870/852 448/871/853 498/872/854
f 498/872/854 448/871/853 447/873/855
f 498/872/854 447/873/855 497/874/856
f 497/874/856 447/873/855 446/875/857
f 497/874/856 446/875/857 496/876/858
f 496/876/858 446/875/857 445/877/859
f 496/876/858 445/877/859 495/878/860
f 495/878/860 445/877/859 444/879/861
f 495/878/860 444/879/861 494/880/862
f 494/880/862 444/879/861 443/881/863
f 494/880/862 443/881/863 442/882/864
f 494/880/862 442/882/864 493/883/865
f 493/883/865 442/882/864 441/884/866
f 493/883/865 441/884/866 492/885/867
f 492/885/867 441/884/866 440/886/868
f 492/885/867 440/886/868 491/887/869
f 491/887/869 440/886/868 439/888/870
f 491/887/869 439/888/870 490/889/871
f 490/889/871 439/888/870 438/890/872
f 490/889/871 438/890/872 489/847/829
f 489/847/829 438/890/872 437/845/827
f 499/891/873 511/892/874 476/893/875
f 476/893/875 511/892/874 512/894/876
f 476/895/875 512/896/876 477/897/877
f 477/897/877 512/896/876 513/898/878
f 477/897/877 513/898/878 478/899/879
f 478/899/879 513/898/878 514/900/880
f 478/899/879 514/900/880 479/901/881
f 479/901/881 514/900/880 515/902/882
f 479/901/881 515/902/882 480/903/883
f 480/903/883 515/902/882 516/904/884
f 480/903/883 516/904/884 481/905/885
f 481/905/885 516/904/884 517/906/886
f 481/905/885 517/906/886 482/907/887
f 482/907/887 517/906/886 518/908/888
f 482/907/887 518/908/888 483/909/889
f 483/909/889 518/908/888 519/910/890
f 483/909/889 519/910/890 484/911/891
f 484/911/891 519/910/890 520/912/892
f 484/911/891 520/912/892 485/913/893
f 485/913/893 520/912/892 521/914/894
f 485/913/893 521/914/894 486/915/895
f 486/915/895 521/914/894 522/916/896
f 486/915/895 522/916/896 487/917/897
f 487/917/897 522/916/896 523/918/898
f 487/917/897 523/918/898 488/919/899
f 488/919/899 523/918/898 500/920/900
f 488/919/899 500/920/900 489/921/901
f 489/921/901 500/920/900 501/922/902
f 489/921/901 501/922/902 490/923/903
f 490/923/903 501/922/902 502/924/904
f 490/923/903 502/924/904 491/925/905
f 491/925/905 502/924/904 503/926/906
f 491/925/905 503/926/906 492/927/907
f 492/927/907 503/926/906 504/928/908
f 492/927/907 504/928/908 493/929/909
f 493/929/909 504/928/908 505/930/910
f 493/929/909 505/930/910 494/931/911
f 494/931/911 505/930/910 506/932/912
f 494/931/911 506/932/912 495/933/913
f 495/933/913 506/932/912 507/934/914
f 495/933/913 507/934/914 496/935/915
f 496/935/915 507/934/914 508/936/916
f 496/935/915 508/936/916 497/937/917
f 497/937/917 508/936/916 509/938/918
f 497/937/917 509/938/918 498/939/919
f 498/939/919 509/938/918 510/940/920
f 498/939/919 510/940/920 499/891/873
f 499/891/873 510/940/920 511/892/874
f 525/941/921 569/942/922 524/943/923
f 524/943/923 569/942/922 570/944/924
f 524/943/923 570/944/924 571/945/925
f 526/946/926 430/947/927 525/941/921
f 525/941/921 430/947/927 564/948/928
f 525/941/921 564/948/928 565/949/929
f 430/947/927 526/946/926 431/950/930
f 431/950/930 526/946/926 527/951/931
f 431/950/930 527/951/931 432/952/932
f 432/952/932 527/951/931 528/953/933
f 432/952/932 528/953/933 433/954/934
f 433/954/934 528/953/933 529/955/935
f 433/954/934 529/955/935 434/956/936
f 434/956/936 529/955/935 530/957/937
f 434/956/936 530/957/937 435/958/938
f 435/958/938 530/957/937 531/959/939
f 435/958/938 531/959/939 436/960/940
f 436/960/940 531/959/939 532/961/941
f 436/960/940 532/961/941 361/962/942
f 361/962/942 532/961/941 461/963/943
f 461/963/943 532/961/941 462/964/944
f 462/964/944 532/961/941 533/965/945
f 462/964/944 533/965/945 463/966/946
f 463/966/946 533/965/945 464/967/947
f 464/967/947 533/965/945 465/968/948
f 465/968/948 533/965/945 466/969/949
f 466/969/949 533/965/945 534/970/950
f 466/969/949 534/970/950 467/971/951
f 467/971/951 534/970/950 468/972/952
f 468/972/952 534/970/950 469/973/953
f 469/973/953 534/970/950 470/974/954
f 470/974/954 534/970/950 535/975/955
f 470/974/954 535/975/955 471/976/956
f 471/976/956 535/975/955 472/977/957
f 472/977/957 535/975/955 473/978/958
f 473/978/958 535/975/955 474/979/959
f 474/979/959 535/975/955 475/980/960
f 475/980/960 535/975/955 373/981/961
f 373/981/961 535/975/955 536/982/962
f 373/981/961 536/982/962 374/983/963
f 374/983/963 536/982/962 537/984/964
f 374/983/963 537/984/964 375/985/965
f 375/985/965 537/984/964 538/986/966
f 375/985/965 538/986/966 376/987/967
f 376/987/967 538/986/966 539/988/968
f 376/987/967 539/988/968 377/989/969
f 377/989/969 539/988/968 540/990/970
f 377/989/969 540/990/970 378/991/971
f 378/991/971 540/990/970 541/992/972
f 378/991/971 541/992/972 379/993/973
f 379/993/973 541/992/972 542/994/974
f 379/993/973 542/994/974 380/995/975
f 380/995/975 542/994/974 608/996/976
f 608/996/976 542/994/974 607/997/977
f 607/997/977 542/994/974 543/998/978
f 607/997/977 543/998/978 606/999/979
f 606/999/979 543/998/978 605/1000/980
f 605/1000/980 543/998/978 604/1001/981
f 604/1001/981 543/998/978 603/1002/982
f 603/1002/982 543/998/978 544/1003/983
f 603/1002/982 544/1003/983 602/1004/984
f 602/1004/984 544/1003/983 601/1005/985
f 601/1006/985 544/1007/983 600/1008/986
f 600/1008/986 544/1007/983 599/1009/987
f 599/1009/987 544/1007/983 545/1010/988
f 599/1009/987 545/1010/988 598/1011/989
f 598/1011/989 545/1010/988 597/1012/990
f 597/1012/990 545/1010/988 596/1013/991
f 596/1013/991 545/1010/988 595/1014/992
f 595/1014/992 545/1010/988 594/1015/993
f 594/1015/993 545/1010/988 392/1016/994
f 392/1016/994 545/1010/988 546/1017/995
f 392/1016/994 546/1017/995 393/1018/996
f 393/1018/996 546/1017/995 547/1019/997
f 393/1018/996 547/1019/997 394/1020/998
f 394/1020/998 547/1019/997 548/1021/999
f 394/1020/998 548/1021/999 395/1022/1000
f 395/1022/1000 548/1021/999 549/1023/1001
f 395/1022/1000 549/1023/1001 396/1024/1002
f 396/1024/1002 549/1023/1001 550/1025/1003
f 396/1024/1002 550/1025/1003 397/1026/1004
f 397/1026/1004 550/1025/1003 551/1027/1005
f 397/1026/1004 551/1027/1005 398/1028/1006
f 398/1028/1006 551/1027/1005 552/1029/1007
f 398/1028/1006 552/1029/1007 399/1030/1008
f 399/1030/1008 552/1029/1007 593/1031/1009
f 593/1031/1009 552/1029/1007 592/1032/1010
f 592/1032/1010 552/1029/1007 553/1033/1011
f 592/1032/1010 553/1033/1011 591/1034/1012
f 591/1034/1012 553/1033/1011 590/1035/1013
f 590/1035/1013 553/1033/1011 589/1036/1014
f 589/1036/1014 553/1033/1011 588/1037/1015
f 588/1037/1015 553/1033/1011 554/1038/1016
f 588/1037/1015 554/1038/1016 587/1039/1017
f 587/1039/1017 554/1038/1016 586/1040/1018
f 586/1040/1018 554/1038/1016 585/1041/1019
f 585/1041/1019 554/1038/1016 584/1042/1020
f 584/1042/1020 554/1038/1016 555/1043/1021
f 584/1042/1020 555/1043/1021 583/1044/1022
f 583/1044/1022 555/1043/1021 582/1045/1023
f 582/1045/1023 555/1043/1021 581/1046/1024
f 581/1046/1024 555/1043/1021 580/1047/1025
f 580/1047/1025 555/1043/1021 579/1048/1026
f 579/1048/1026 555/1043/1021 411/1049/1027
f 411/1049/1027 555/1043/1021 556/1050/1028
f 411/1049/1027 556/1050/1028 412/1051/1029
f 412/1051/1029 556/1050/1028 557/1052/1030
f 412/1051/1029 557/1052/1030 413/1053/1031
f 413/1053/1031 557/1052/1030 558/1054/1032
f 413/1053/1031 558/1054/1032 414/1055/1033
f 414/1055/1033 558/1054/1032 559/1056/1034
f 414/1055/1033 559/1056/1034 415/1057/1035
f 415/1057/1035 559/1056/1034 560/1058/1036
f 415/1057/1035 560/1058/1036 416/1059/1037
f 416/1059/1037 560/1058/1036 561/1060/1038
f 416/1059/1037 561/1060/1038 417/1061/1039
f 417/1061/1039 561/1060/1038 562/1062/1040
f 417/1061/1039 562/1062/1040 418/1063/1041
f 418/1063/1041 562/1062/1040 578/1064/1042
f 578/1064/1042 562/1062/1040 577/1065/1043
f 577/1065/1043 562/1062/1040 563/1066/1044
f 577/1065/1043 563/1066/1044 576/1067/1045
f 576/1067/1045 563/1066/1044 575/1068/1046
f 575/1068/1046 563/1066/1044 574/1069/1047
f 574/1069/1047 563/1066/1044 573/1070/1048
f 573/1070/1048 563/1066/1044 524/943/923
f 573/1070/1048 524/943/923 572/1071/1049
f 572/1071/1049 524/943/923 571/945/925
f 565/949/929 566/1072/1050 525/941/921
f 525/941/921 566/1072/1050 567/1073/1051
f 525/941/921 567/1073/1051 568/1074/1052
f 568/1074/1052 569/942/922 525/941/921
f 610/1075/1053 644/1076/1054 609/1077/1055
f 609/1077/1055 644/1076/1054 645/1078/1056
f 609/1077/1055 645/1078/1056 646/1079/1057
f 644/1076/1054 610/1075/1053 643/1080/1058
f 643/1080/1058 610/1075/1053 611/1081/1059
f 643/1080/1058 611/1081/1059 642/1082/1060
f 642/1082/1060 611/1081/1059 612/1083/1061
f 642/1082/1060 612/1083/1061 641/1084/1062
f 641/1084/1062 612/1083/1061 613/1085/1063
f 641/1084/1062 613/1085/1063 640/1086/1064
f 640/1086/1064 613/1085/1063 614/1087/1065
f 640/1086/1064 614/1087/1065 639/1088/1066
f 639/1088/1066 614/1087/1065 615/1089/1067
f 639/1088/1066 615/1089/1067 616/1090/1068
f 639/1088/1066 616/1090/1068 638/1091/1069
f 638/1091/1069 616/1090/1068 617/1092/1070
f 638/1091/1069 617/1092/1070 637/1093/1071
f 637/1093/1071 617/1092/1070 618/1094/1072
f 637/1093/1071 618/1094/1072 636/1095/1073
f 636/1095/1073 618/1094/1072 619/1096/1074
f 636/1095/1073 619/1096/1074 635/1097/1075
f 635/1097/1075 619/1096/1074 620/1098/1076
f 635/1097/1075 620/1098/1076 634/1099/1077
f 634/1099/1077 620/1098/1076 633/1100/1078
f 633/1100/1078 620/1098/1076 621/1101/1079
f 633/1100/1078 621/1101/1079 656/1102/1080
f 656/1102/1080 621/1101/1079 622/1103/1081
f 656/1102/1080 622/1103/1081 655/1104/1082
f 655/1104/1082 622/1103/1081 623/1105/1083
f 655/1104/1082 623/1105/1083 654/1106/1084
f 654/1106/1084 623/1105/1083 624/1107/1085
f 654/1106/1084 624/1107/1085 653/1108/1086
f 653/1108/1086 624/1107/1085 625/1109/1087
f 653/1108/1086 625/1109/1087 652/1110/1088
f 652/1110/1088 625/1109/1087 626/1111/1089
f 652/1110/1088 626/1111/1089 651/1112/1090
f 651/1112/1090 626/1111/1089 627/1113/1091
f 651/1112/1090 627/1113/1091 628/1114/1092
f 651/1112/1090 628/1114/1092 650/1115/1093
f 650/1115/1093 628/1114/1092 629/1116/1094
f 650/1115/1093 629/1116/1094 649/1117/1095
f 649/1117/1095 629/1116/1094 630/1118/1096
f 649/1117/1095 630/1118/1096 648/1119/1097
f 648/1119/1097 630/1118/1096 631/1120/1098
f 648/1119/1097 631/1120/1098 647/1121/1099
f 647/1121/1099 631/1120/1098 632/1122/1100
f 647/1121/1099 632/1122/1100 646/1079/1057
f 646/1079/1057 632/1122/1100 609/1077/1055
f 578/1123/1101 627/1124/1102 418/1125/1103
f 418/1125/1103 627/1124/1102 626/1126/1104
f 418/1125/1103 626/1126/1104 419/1127/1105
f 419/1127/1105 626/1126/1104 625/1128/1106
f 419/1127/1105 625/1128/1106 420/1129/1107
f 420/1129/1107 625/1128/1106 624/1130/1108
f 420/1129/1107 624/1130/1108 421/1131/1109
f 421/1131/1109 624/1130/1108 623/1132/1110
f 421/1131/1109 623/1132/1110 422/1133/1111
f 422/1133/1111 623/1132/1110 622/1134/1112
f 422/1133/1111 622/1134/1112 423/1135/1113
f 423/1135/1113 622/1134/1112 621/1136/1114
f 423/1135/1113 621/1136/1114 424/1137/1115
f 424/1138/1115 621/1139/1114 425/1140/1116
f 425/1140/1116 621/1139/1114 620/1141/1117
f 425/1140/1116 620/1141/1117 426/1142/1118
f 426/1142/1118 620/1141/1117 619/1143/1119
f 426/1142/1118 619/1143/1119 427/1144/1120
f 427/1144/1120 619/1143/1119 618/1145/1121
f 427/1144/1120 618/1145/1121 428/1146/1122
f 428/1146/1122 618/1145/1121 617/1147/1123
f 428/1146/1122 617/1147/1123 429/1148/1124
f 429/1148/1124 617/1147/1123 616/1149/1125
f 429/1148/1124 616/1149/1125 430/1150/1126
f 430/1150/1126 616/1149/1125 615/1151/1127
f 430/1150/1126 615/1151/1127 564/1152/1128
f 564/1152/1128 615/1151/1127 614/1153/1129
f 564/1152/1128 614/1153/1129 565/1154/1130
f 565/1154/1130 614/1153/1129 613/1155/1131
f 565/1154/1130 613/1155/1131 566/1156/1132
f 566/1156/1132 613/1155/1131 567/1157/1133
f 567/1157/1133 613/1155/1131 612/1158/1134
f 567/1157/1133 612/1158/1134 568/1159/1135
f 568/1159/1135 612/1158/1134 611/1160/1136
f 568/1159/1135 611/1160/1136 569/1161/1137
f 569/1161/1137 611/1160/1136 610/1162/1138
f 569/1161/1137 610/1162/1138 570/1163/1139
f 570/1163/1139 610/1162/1138 609/1164/1140
f 570/1163/1139 609/1164/1140 571/1165/1141
f 571/1165/1141 609/1164/1140 572/1166/1142
f 572/1166/1142 609/1164/1140 632/1167/1143
f 572/1166/1142 632/1167/1143 573/1168/1144
f 573/1168/1144 632/1167/1143 631/1169/1145
f 573/1168/1144 631/1169/1145 574/1170/1146
f 574/1170/1146 631/1169/1145 630/1171/1147
f 574/1170/1146 630/1171/1147 575/1172/1148
f 575/1172/1148 630/1171/1147 629/1173/1149
f 575/1172/1148 629/1173/1149 576/1174/1150
f 576/1174/1150 629/1173/1149 577/1175/1151
f 577/1175/1151 629/1173/1149 628/1176/1152
f 577/1175/1151 628/1176/1152 578/1123/1101
f 578/1123/1101 628/1176/1152 627/1124/1102
f 656/1177/1153 668/1178/1154 633/1179/1155
f 633/1179/1155 668/1178/1154 669/1180/1156
f 633/1181/1155 669/1182/1156 634/1183/1157
f 634/1183/1157 669/1182/1156 670/1184/1158
f 634/1183/1157 670/1184/1158 635/1185/1159
f 635/1185/1159 670/1184/1158 671/1186/1160
f 635/1185/1159 671/1186/1160 636/1187/1161
f 636/1187/1161 671/1186/1160 672/1188/1162
f 636/1187/1161 672/1188/1162 637/1189/1163
f 637/1189/1163 672/1188/1162 673/1190/1164
f 637/1189/1163 673/1190/1164 638/1191/1165
f 638/1191/1165 673/1190/1164 674/1192/1166
f 638/1191/1165 674/1192/1166 639/1193/1167
f 639/1193/1167 674/1192/1166 675/1194/1168
f 639/1193/1167 675/1194/1168 640/1195/1169
f 640/1195/1169 675/1194/1168 676/1196/1170
f 640/1195/1169 676/1196/1170 641/1197/1171
f 641/1197/1171 676/1196/1170 677/1198/1172
f 641/1197/1171 677/1198/1172 642/1199/1173
f 642/1199/1173 677/1198/1172 678/1200/1174
f 642/1199/1173 678/1200/1174 643/1201/1175
f 643/1201/1175 678/1200/1174 679/1202/1176
f 643/1201/1175 679/1202/1176 644/1203/1177
f 644/1203/1177 679/1202/1176 680/1204/1178
f 644/1203/1177 680/1204/1178 645/1205/1179
f 645/1205/1179 680/1204/1178 657/1206/1180
f 645/1205/1179 657/1206/1180 646/1207/1181
f 646/1207/1181 657/1206/1180 658/1208/1182
f 646/1207/1181 658/1208/1182 647/1209/1183
f 647/1209/1183 658/1208/1182 659/1210/1184
f 647/1209/1183 659/1210/1184 648/1211/1185
f 648/1211/1185 659/1210/1184 660/1212/1186
f 648/1211/1185 660/1212/1186 649/1213/1187
f 649/1213/1187 660/1212/1186 661/1214/1188
f 649/1213/1187 661/1214/1188 650/1215/1189
f 650/1215/1189 661/1214/1188 662/1216/1190
f 650/1215/1189 662/1216/1190 651/1217/1191
f 651/1217/1191 662/1216/1190 663/1218/1192
f 651/1217/1191 663/1218/1192 652/1219/1193
f 652/1219/1193 663/1218/1192 664/1220/1194
f 652/1219/1193 664/1220/1194 653/1221/1195
f 653/1221/1195 664/1220/1194 665/1222/1196
f 653/1221/1195 665/1222/1196 654/1223/1197
f 654/1223/1197 665/1222/1196 666/1224/1198
f 654/1223/1197 666/1224/1198 655/1225/1199
f 655/1225/1199 666/1224/1198 667/1226/1200
f 655/1225/1199 667/1226/1200 656/1177/1153
f 656/1177/1153 667/1226/1200 668/1178/1154
f 304/1227/1201 294/1228/1202 281/1229/1203
f 281/1229/1203 294/1228/1202 293/1230/1204
f 281/1229/1203 293/1230/1204 282/1231/1205
f 282/1231/1205 293/1230/1204 292/1232/1206
f 282/1231/1205 292/1232/1206 283/1233/1207
f 283/1233/1207 292/1232/1206 291/1234/1208
f 283/1233/1207 291/1234/1208 284/1235/1209
f 284/1235/1209 291/1234/1208 290/1236/1210
f 284/1235/1209 290/1236/1210 285/1237/1211
f 285/1237/1211 290/1236/1210 289/1238/1212
f 285/1237/1211 289/1238/1212 286/1239/1213
f 286/1239/1213 289/1238/1212 288/1240/1214
f 286/1239/1213 288/1240/1214 287/1241/1215
f 294/1228/1202 304/1227/1201 295/1242/1216
f 295/1242/1216 304/1227/1201 303/1243/1217
f 295/1242/1216 303/1243/1217 296/1244/1218
f 296/1244/1218 303/1243/1217 302/1245/1219
f 296/1244/1218 302/1245/1219 297/1246/1220
f 297/1246/1220 302/1245/1219 301/1247/1221
f 297/1246/1220 301/1247/1221 298/1248/1222
f 298/1248/1222 301/1247/1221 300/1249/1223
f 298/1248/1222 300/1249/1223 299/1250/1224
f 682/1251/1225 579/1252/1226 681/1253/1227
f 681/1253/1227 579/1252/1226 411/1254/1228
f 681/1253/1227 411/1254/1228 704/1255/1229
f 704/1255/1229 411/1254/1228 410/1256/1230
f 704/1255/1229 410/1256/1230 703/1257/1231
f 703/1257/1231 410/1256/1230 409/1258/1232
f 703/1257/1231 409/1258/1232 702/1259/1233
f 702/1259/1233 409/1258/1232 408/1260/1234
f 702/1259/1233 408/1260/1234 701/1261/1235
f 701/1261/1235 408/1260/1234 407/1262/1236
f 701/1261/1235 407/1262/1236 700/1263/1237
f 700/1263/1237 407/1262/1236 406/1264/1238
f 700/1263/1237 406/1264/1238 699/1265/1239
f 699/1265/1239 406/1264/1238 405/1266/1240
f 699/1265/1239 405/1266/1240 404/1267/1241
f 579/1252/1226 682/1251/1225 580/1268/1242
f 580/1268/1242 682/1251/1225 683/1269/1243
f 580/1268/1242 683/1269/1243 581/1270/1244
f 581/1270/1244 683/1269/1243 582/1271/1245
f 582/1271/1245 683/1269/1243 684/1272/1246
f 582/1271/1245 684/1272/1246 583/1273/1247
f 583/1273/1247 684/1272/1246 685/1274/1248
f 583/1273/1247 685/1274/1248 584/1275/1249
f 584/1275/1249 685/1274/1248 686/1276/1250
f 584/1275/1249 686/1276/1250 585/1277/1251
f 585/1277/1251 686/1276/1250 687/1278/1252
f 585/1277/1251 687/1278/1252 586/1279/1253
f 586/1279/1253 687/1278/1252 587/1280/1254
f 587/1280/1254 687/1278/1252 688/1281/1255
f 587/1280/1254 688/1281/1255 588/1282/1256
f 588/1282/1256 688/1281/1255 689/1283/1257
f 588/1282/1256 689/1283/1257 589/1284/1258
f 589/1284/1258 689/1283/1257 690/1285/1259
f 589/1284/1258 690/1285/1259 590/1286/1260
f 590/1286/1260 690/1285/1259 691/1287/1261
f 590/1286/1260 691/1287/1261 591/1288/1262
f 591/1288/1262 691/1287/1261 592/1289/1263
f 592/1289/1263 691/1287/1261 692/1290/1264
f 592/1289/1263 692/1290/1264 593/1291/1265
f 593/1291/1265 692/1290/1264 693/1292/1266
f 593/1291/1265 693/1292/1266 399/1293/1267
f 399/1294/1267 693/1295/1266 694/1296/1268
f 399/1294/1267 694/1296/1268 400/1297/1269
f 400/1297/1269 694/1296/1268 695/1298/1270
f 400/1297/1269 695/1298/1270 401/1299/1271
f 401/1299/1271 695/1298/1270 696/1300/1272
f 401/1299/1271 696/1300/1272 402/1301/1273
f 402/1301/1273 696/1300/1272 697/1302/1274
f 402/1301/1273 697/1302/1274 403/1303/1275
f 403/1303/1275 697/1302/1274 698/1304/1276
f 403/1303/1275 698/1304/1276 404/1267/1241
f 404/1267/1241 698/1304/1276 699/1265/1239
f 704/1305/1277 716/1306/1278 681/1307/1279
f 681/1307/1279 716/1306/1278 717/1308/1280
f 681/1307/1279 717/1308/1280 718/1309/1281
f 716/1306/1278 704/1305/1277 715/1310/1282
f 715/1310/1282 704/1305/1277 703/1311/1283
f 715/1310/1282 703/1311/1283 714/1312/1284
f 714/1312/1284 703/1311/1283 702/1313/1285
f 714/1312/1284 702/1313/1285 713/1314/1286
f 713/1314/1286 702/1313/1285 701/1315/1287
f 713/1314/1286 701/1315/1287 712/1316/1288
f 712/1316/1288 701/1315/1287 700/1317/1289
f 712/1316/1288 700/1317/1289 711/1318/1290
f 711/1318/1290 700/1317/1289 699/1319/1291
f 711/1318/1290 699/1319/1291 698/1320/1292
f 711/1318/1290 698/1320/1292 710/1321/1293
f 710/1321/1293 698/1320/1292 697/1322/1294
f 710/1321/1293 697/1322/1294 709/1323/1295
f 709/1323/1295 697/1322/1294 696/1324/1296
f 709/1323/1295 696/1324/1296 708/1325/1297
f 708/1325/1297 696/1324/1296 695/1326/1298
f 708/1325/1297 695/1326/1298 707/1327/1299
f 707/1327/1299 695/1326/1298 694/1328/1300
f 707/1327/1299 694/1328/1300 706/1329/1301
f 706/1329/1301 694/1328/1300 705/1330/1302
f 705/1330/1302 694/1328/1300 693/1331/1303
f 705/1330/1302 693/1331/1303 728/1332/1304
f 728/1332/1304 693/1331/1303 692/1333/1305
f 728/1332/1304 692/1333/1305 727/1334/1306
f 727/1334/1306 692/1333/1305 691/1335/1307
f 727/1334/1306 691/1335/1307 726/1336/1308
f 726/1336/1308 691/1335/1307 690/1337/1309
f 726/1336/1308 690/1337/1309 725/1338/1310
f 725/1338/1310 690/1337/1309 689/1339/1311
f 725/1338/1310 689/1339/1311 724/1340/1312
f 724/1340/1312 689/1339/1311 688/1341/1313
f 724/1340/1312 688/1341/1313 723/1342/1314
f 723/1342/1314 688/1341/1313 687/1343/1315
f 723/1342/1314 687/1343/1315 686/1344/1316
f 723/1342/1314 686/1344/1316 722/1345/1317
f 722/1345/1317 686/1344/1316 685/1346/1318
f 722/1345/1317 685/1346/1318 721/1347/1319
f 721/1347/1319 685/1346/1318 684/1348/1320
f 721/1347/1319 684/1348/1320 720/1349/1321
f 720/1349/1321 684/1348/1320 683/1350/1322
f 720/1349/1321 683/1350/1322 719/1351/1323
f 719/1351/1323 683/1350/1322 682/1352/1324
f 719/1351/1323 682/1352/1324 718/1309/1281
f 718/1309/1281 682/1352/1324 681/1307/1279
f 728/1353/1325 740/1354/1326 705/1355/1327
f 705/1355/1327 740/1354/1326 741/1356/1328
f 705/1357/1327 741/1358/1328 706/1359/1329
f 706/1359/1329 741/1358/1328 742/1360/1330
f 706/1359/1329 742/1360/1330 707/1361/1331
f 707/1361/1331 742/1360/1330 743/1362/1332
f 707/1361/1331 743/1362/1332 708/1363/1333
f 708/1363/1333 743/1362/1332 744/1364/1334
f 708/1363/1333 744/1364/1334 709/1365/1335
f 709/1365/1335 744/1364/1334 745/1366/1336
f 709/1365/1335 745/1366/1336 710/1367/1337
f 710/1367/1337 745/1366/1336 746/1368/1338
f 710/1367/1337 746/1368/1338 711/1369/1339
f 711/1369/1339 746/1368/1338 747/1370/1340
f 711/1369/1339 747/1370/1340 712/1371/1341
f 712/1371/1341 747/1370/1340 748/1372/1342
f 712/1371/1341 748/1372/1342 713/1373/1343
f 713/1373/1343 748/1372/1342 749/1374/1344
f 713/1373/1343 749/1374/1344 714/1375/1345
f 714/1375/1345 749/1374/1344 750/1376/1346
f 714/1375/1345 750/1376/1346 715/1377/1347
f 715/1377/1347 750/1376/1346 751/1378/1348
f 715/1377/1347 751/1378/1348 716/1379/1349
f 716/1379/1349 751/1378/1348 752/1380/1350
f 716/1379/1349 752/1380/1350 717/1381/1351
f 717/1381/1351 752/1380/1350 729/1382/1352
f 717/1381/1351 729/1382/1352 718/1383/1353
f 718/1383/1353 729/1382/1352 730/1384/1354
f 718/1383/1353 730/1384/1354 719/1385/1355
f 719/1385/1355 730/1384/1354 731/1386/1356
f 719/1385/1355 731/1386/1356 720/1387/1357
f 720/1387/1357 731/1386/1356 732/1388/1358
f 720/1387/1357 732/1388/1358 721/1389/1359
f 721/1389/1359 732/1388/1358 733/1390/1360
f 721/1389/1359 733/1390/1360 722/1391/1361
f 722/1391/1361 733/1390/1360 734/1392/1362
f 722/1391/1361 734/1392/1362 723/1393/1363
f 723/1393/1363 734/1392/1362 735/1394/1364
f 723/1393/1363 735/1394/1364 724/1395/1365
f 724/1395/1365 735/1394/1364 736/1396/1366
f 724/1395/1365 736/1396/1366 725/1397/1367
f 725/1397/1367 736/1396/1366 737/1398/1368
f 725/1397/1367 737/1398/1368 726/1399/1369
f 726/1399/1369 737/1398/1368 738/1400/1370
f 726/1399/1369 738/1400/1370 727/1401/1371
f 727/1401/1371 738/1400/1370 739/1402/1372
f 727/1401/1371 739/1402/1372 728/1353/1325
f 728/1353/1325 739/1402/1372 740/1354/1326
f 754/1403/1373 788/1404/1374 753/1405/1375
f 753/1405/1375 788/1404/1374 789/1406/1376
f 753/1405/1375 789/1406/1376 790/1407/1377
f 788/1404/1374 754/1403/1373 787/1408/1378
f 787/1408/1378 754/1403/1373 755/1409/1379
f 787/1408/1378 755/1409/1379 786/1410/1380
f 786/1410/1380 755/1409/1379 756/1411/1381
f 786/1410/1380 756/1411/1381 785/1412/1382
f 785/1412/1382 756/1411/1381 757/1413/1383
f 785/1412/1382 757/1413/1383 784/1414/1384
f 784/1414/1384 757/1413/1383 758/1415/1385
f 784/1414/1384 758/1415/1385 783/1416/1386
f 783/1416/1386 758/1415/1385 759/1417/1387
f 783/1416/1386 759/1417/1387 760/1418/1388
f 783/1416/1386 760/1418/1388 782/1419/1389
f 782/1419/1389 760/1418/1388 761/1420/1390
f 782/1419/1389 761/1420/1390 781/1421/1391
f 781/1421/1391 761/1420/1390 762/1422/1392
f 781/1421/1391 762/1422/1392 780/1423/1393
f 780/1423/1393 762/1422/1392 763/1424/1394
f 780/1423/1393 763/1424/1394 779/1425/1395
f 779/1425/1395 763/1424/1394 764/1426/1396
f 779/1425/1395 764/1426/1396 778/1427/1397
f 778/1427/1397 764/1426/1396 777/1428/1398
f 777/1428/1398 764/1426/1396 765/1429/1399
f 777/1428/1398 765/1429/1399 800/1430/1400
f 800/1430/1400 765/1429/1399 766/1431/1401
f 800/1430/1400 766/1431/1401 799/1432/1402
f 799/1432/1402 766/1431/1401 767/1433/1403
f 799/1432/1402 767/1433/1403 798/1434/1404
f 798/1434/1404 767/1433/1403 768/1435/1405
f 798/1434/1404 768/1435/1405 797/1436/1406
f 797/1436/1406 768/1435/1405 769/1437/1407
f 797/1436/1406 769/1437/1407 796/1438/1408
f 796/1438/1408 769/1437/1407 770/1439/1409
f 796/1438/1408 770/1439/1409 795/1440/1410
f 795/1440/1410 770/1439/1409 771/1441/1411
f 795/1440/1410 771/1441/1411 772/1442/1412
f 795/1440/1410 772/1442/1412 794/1443/1413
f 794/1443/1413 772/1442/1412 773/1444/1414
f 794/1443/1413 773/1444/1414 793/1445/1415
f 793/1445/1415 773/1444/1414 774/1446/1416
f 793/1445/1415 774/1446/1416 792/1447/1417
f 792/1447/1417 774/1446/1416 775/1448/1418
f 792/1447/1417 775/1448/1418 791/1449/1419
f 791/1449/1419 775/1448/1418 776/1450/1420
f 791/1449/1419 776/1450/1420 790/1407/1377
f 790/1407/1377 776/1450/1420 753/1405/1375
f 608/1451/1421 759/1452/1422 380/1453/1423
f 380/1453/1423 759/1452/1422 758/1454/1424
f 380/1453/1423 758/1454/1424 381/1455/1425
f 381/1455/1425 758/1454/1424 757/1456/1426
f 381/1455/1425 757/1456/1426 382/1457/1427
f 382/1457/1427 757/1456/1426 756/1458/1428
f 382/1457/1427 756/1458/1428 383/1459/1429
f 383/1459/1429 756/1458/1428 755/1460/1430
f 383/1459/1429 755/1460/1430 384/1461/1431
f 384/1461/1431 755/1460/1430 754/1462/1432
f 384/1461/1431 754/1462/1432 385/1463/1433
f 385/1463/1433 754/1462/1432 753/1464/1434
f 385/1463/1433 753/1464/1434 386/1465/1435
f 386/1465/1435 753/1464/1434 387/1466/1436
f 387/1466/1436 753/1464/1434 776/1467/1437
f 387/1466/1436 776/1467/1437 388/1468/1438
f 388/1468/1438 776/1467/1437 775/1469/1439
f 388/1468/1438 775/1469/1439 389/1470/1440
f 389/1470/1440 775/1469/1439 774/1471/1441
f 389/1470/1440 774/1471/1441 390/1472/1442
f 390/1472/1442 774/1471/1441 773/1473/1443
f 390/1472/1442 773/1473/1443 391/1474/1444
f 391/1474/1444 773/1473/1443 772/1475/1445
f 391/1474/1444 772/1475/1445 392/1476/1446
f 392/1476/1446 772/1475/1445 771/1477/1447
f 392/1476/1446 771/1477/1447 594/1478/1448
f 594/1478/1448 771/1477/1447 770/1479/1449
f 594/1478/1448 770/1479/1449 595/1480/1450
f 595/1480/1450 770/1479/1449 769/1481/1451
f 595/1480/1450 769/1481/1451 596/1482/1452
f 596/1482/1452 769/1481/1451 597/1483/1453
f 597/1483/1453 769/1481/1451 768/1484/1454
f 597/1483/1453 768/1484/1454 598/1485/1455
f 598/1485/1455 768/1484/1454 767/1486/1456
f 598/1485/1455 767/1486/1456 599/1487/1457
f 599/1487/1457 767/1486/1456 766/1488/1458
f 599/1487/1457 766/1488/1458 600/1489/1459
f 600/1489/1459 766/1488/1458 765/1490/1460
f 600/1489/1459 765/1490/1460 601/1491/1461
f 601/1492/1461 765/1493/1460 602/1494/1462
f 602/1494/1462 765/1493/1460 764/1495/1463
f 602/1494/1462 764/1495/1463 603/1496/1464
f 603/1496/1464 764/1495/1463 763/1497/1465
f 603/1496/1464 763/1497/1465 604/1498/1466
f 604/1498/1466 763/1497/1465 762/1499/1467
f 604/1498/1466 762/1499/1467 605/1500/1468
f 605/1500/1468 762/1499/1467 761/1501/1469
f 605/1500/1468 761/1501/1469 606/1502/1470
f 606/1502/1470 761/1501/1469 607/1503/1471
f 607/1503/1471 761/1501/1469 760/1504/1472
f 607/1503/1471 760/1504/1472 608/1451/1421
f 608/1451/1421 760/1504/1472 759/1452/1422
f 800/1505/1473 812/1506/1474 777/1507/1475
f 777/1507/1475 812/1506/1474 813/1508/1476
f 777/1509/1475 813/1510/1476 778/1511/1477
f 778/1511/1477 813/1510/1476 814/1512/1478
f 778/1511/1477 814/1512/1478 779/1513/1479
f 779/1513/1479 814/1512/1478 815/1514/1480
f 779/1513/1479 815/1514/1480 780/1515/1481
f 780/1515/1481 815/1514/1480 816/1516/1482
f 780/1515/1481 816/1516/1482 781/1517/1483
f 781/1517/1483 816/1516/1482 817/1518/1484
f 781/1517/1483 817/1518/1484 782/1519/1485
f 782/1519/1485 817/1518/1484 818/1520/1486
f 782/1519/1485 818/1520/1486 783/1521/1487
f 783/1521/1487 818/1520/1486 819/1522/1488
f 783/1521/1487 819/1522/1488 784/1523/1489
f 784/1523/1489 819/1522/1488 820/1524/1490
f 784/1523/1489 820/1524/1490 785/1525/1491
f 785/1525/1491 820/1524/1490 821/1526/1492
f 785/1525/1491 821/1526/1492 786/1527/1493
f 786/1527/1493 821/1526/1492 822/1528/1494
f 786/1527/1493 822/1528/1494 787/1529/1495
f 787/1529/1495 822/1528/1494 823/1530/1496
f 787/1529/1495 823/1530/1496 788/1531/1497
f 788/1531/1497 823/1530/1496 824/1532/1498
f 788/1531/1497 824/1532/1498 789/1533/1499
f 789/1533/1499 824/1532/1498 801/1534/1500
f 789/1533/1499 801/1534/1500 790/1535/1501
f 790/1535/1501 801/1534/1500 802/1536/1502
f 790/1535/1501 802/1536/1502 791/1537/1503
f 791/1537/1503 802/1536/1502 803/1538/1504
f 791/1537/1503 803/1538/1504 792/1539/1505
f 792/1539/1505 803/1538/1504 804/1540/1506
f 792/1539/1505 804/1540/1506 793/1541/1507
f 793/1541/1507 804/1540/1506 805/1542/1508
f 793/1541/1507 805/1542/1508 794/1543/1509
f 794/1543/1509 805/1542/1508 806/1544/1510
f 794/1543/1509 806/1544/1510 795/1545/1511
f 795/1545/1511 806/1544/1510 807/1546/1512
f 795/1545/1511 807/1546/1512 796/1547/1513
f 796/1547/1513 807/1546/1512 808/1548/1514
f 796/1547/1513 808/1548/1514 797/1549/1515
f 797/1549/1515 808/1548/1514 809/1550/1516
f 797/1549/1515 809/1550/1516 798/1551/1517
f 798/1551/1517 809/1550/1516 810/1552/1518
f 798/1551/1517 810/1552/1518 799/1553/1519
f 799/1553/1519 810/1552/1518 811/1554/1520
f 799/1553/1519 811/1554/1520 800/1505/1473
f 800/1505/1473 811/1554/1520 812/1506/1474
f 523/1555/1521 857/1556/1522 500/1557/1523
f 500/1557/1523 857/1556/1522 858/1558/1524
f 500/1557/1523 858/1558/1524 501/1559/1525
f 501/1559/1525 858/1558/1524 502/1560/1526
f 502/1560/1526 858/1558/1524 859/1561/1527
f 502/1560/1526 859/1561/1527 503/1562/1528
f 503/1562/1528 859/1561/1527 860/1563/1529
f 503/1562/1528 860/1563/1529 672/1564/1530
f 672/1564/1530 860/1563/1529 861/1565/1531
f 672/1564/1530 861/1565/1531 673/1566/1532
f 673/1566/1532 861/1565/1531 862/1567/1533
f 673/1566/1532 862/1567/1533 674/1568/1534
f 674/1568/1534 862/1567/1533 675/1569/1535
f 675/1569/1535 862/1567/1533 863/1570/1536
f 675/1569/1535 863/1570/1536 676/1571/1537
f 676/1571/1537 863/1570/1536 677/1572/1538
f 677/1572/1538 863/1570/1536 864/1573/1539
f 677/1572/1538 864/1573/1539 678/1574/1540
f 678/1574/1540 864/1573/1539 679/1575/1541
f 679/1575/1541 864/1573/1539 825/1576/1542
f 679/1575/1541 825/1576/1542 680/1577/1543
f 680/1577/1543 825/1576/1542 657/1578/1544
f 657/1578/1544 825/1576/1542 658/1579/1545
f 658/1579/1545 825/1576/1542 659/1580/1546
f 659/1580/1546 825/1576/1542 826/1581/1547
f 659/1580/1546 826/1581/1547 660/1582/1548
f 660/1582/1548 826/1581/1547 661/1583/1549
f 661/1583/1549 826/1581/1547 827/1584/1550
f 661/1583/1549 827/1584/1550 662/1585/1551
f 662/1585/1551 827/1584/1550 663/1586/1552
f 663/1586/1552 827/1584/1550 828/1587/1553
f 663/1586/1552 828/1587/1553 664/1588/1554
f 664/1588/1554 828/1587/1553 665/1589/1555
f 665/1589/1555 828/1587/1553 829/1590/1556
f 665/1589/1555 829/1590/1556 666/1591/1557
f 666/1591/1557 829/1590/1556 830/1592/1558
f 666/1591/1557 830/1592/1558 750/1593/1559
f 750/1593/1559 830/1592/1558 831/1594/1560
f 750/1593/1559 831/1594/1560 751/1595/1561
f 751/1595/1561 831/1594/1560 832/1596/1562
f 751/1595/1561 832/1596/1562 752/1597/1563
f 752/1597/1563 832/1596/1562 729/1598/1564
f 729/1598/1564 832/1596/1562 833/1599/1565
f 729/1598/1564 833/1599/1565 730/1600/1566
f 730/1600/1566 833/1599/1565 731/1601/1567
f 731/1601/1567 833/1599/1565 834/1602/1568
f 731/1601/1567 834/1602/1568 732/1603/1569
f 732/1603/1569 834/1602/1568 733/1604/1570
f 733/1604/1570 834/1602/1568 835/1605/1571
f 733/1604/1570 835/1605/1571 734/1606/1572
f 734/1606/1572 835/1605/1571 735/1607/1573
f 735/1607/1573 835/1605/1571 736/1608/1574
f 736/1608/1574 835/1605/1571 737/1609/1575
f 737/1609/1575 835/1605/1571 836/1610/1576
f 737/1609/1575 836/1610/1576 738/1611/1577
f 738/1611/1577 836/1610/1576 739/1612/1578
f 739/1612/1578 836/1610/1576 837/1613/1579
f 739/1612/1578 837/1613/1579 740/1614/1580
f 740/1614/1580 837/1613/1579 741/1615/1581
f 741/1615/1581 837/1613/1579 838/1616/1582
f 741/1615/1581 838/1616/1582 742/1617/1583
f 742/1617/1583 838/1616/1582 743/1618/1584
f 743/1618/1584 838/1616/1582 839/1619/1585
f 743/1618/1584 839/1619/1585 744/1620/1586
f 744/1620/1586 839/1619/1585 840/1621/1587
f 744/1620/1586 840/1621/1587 804/1622/1588
f 804/1622/1588 840/1621/1587 841/1623/1589
f 804/1622/1588 841/1623/1589 805/1624/1590
f 805/1624/1590 841/1623/1589 842/1625/1591
f 805/1624/1590 842/1625/1591 806/1626/1592
f 806/1626/1592 842/1625/1591 807/1627/1593
f 807/1627/1593 842/1625/1591 843/1628/1594
f 807/1627/1593 843/1628/1594 808/1629/1595
f 808/1629/1595 843/1628/1594 809/1630/1596
f 809/1630/1596 843/1628/1594 844/1631/1597
f 809/1630/1596 844/1631/1597 810/1632/1598
f 810/1632/1598 844/1631/1597 811/1633/1599
f 811/1633/1599 844/1631/1597 845/1634/1600
f 811/1633/1599 845/1634/1600 812/1635/1601
f 812/1635/1601 845/1634/1600 813/1636/1602
f 813/1636/1602 845/1634/1600 814/1637/1603
f 814/1637/1603 845/1634/1600 815/1638/1604
f 815/1638/1604 845/1634/1600 846/1639/1605
f 815/1638/1604 846/1639/1605 816/1640/1606
f 816/1640/1606 846/1639/1605 817/1641/1607
f 817/1641/1607 846/1639/1605 847/1642/1608
f 817/1641/1607 847/1642/1608 818/1643/1609
f 818/1643/1609 847/1642/1608 819/1644/1610
f 819/1644/1610 847/1642/1608 848/1645/1611
f 819/1644/1610 848/1645/1611 820/1646/1612
f 820/1646/1612 848/1645/1611 821/1647/1613
f 821/1647/1613 848/1645/1611 849/1648/1614
f 821/1647/1613 849/1648/1614 822/1649/1615
f 822/1649/1615 849/1648/1614 850/1650/1616
f 822/1649/1615 850/1650/1616 509/1651/1617
f 509/1651/1617 850/1650/1616 851/1652/1618
f 509/1651/1617 851/1652/1618 510/1653/1619
f 510/1653/1619 851/1652/1618 852/1654/1620
f 510/1653/1619 852/1654/1620 511/1655/1621
f 511/1655/1621 852/1654/1620 512/1656/1622
f 512/1656/1622 852/1654/1620 853/1657/1623
f 512/1656/1622 853/1657/1623 513/1658/1624
f 513/1658/1624 853/1657/1623 514/1659/1625
f 514/1659/1625 853/1657/1623 854/1660/1626
f 514/1659/1625 854/1660/1626 515/1661/1627
f 515/1661/1627 854/1660/1626 516/1662/1628
f 516/1662/1628 854/1660/1626 855/1663/1629
f 516/1662/1628 855/1663/1629 517/1664/1630
f 517/1664/1630 855/1663/1629 518/1665/1631
f 518/1665/1631 855/1663/1629 519/1666/1632
f 519/1666/1632 855/1663/1629 520/1667/1633
f 520/1667/1633 855/1663/1629 856/1668/1634
f 520/1667/1633 856/1668/1634 521/1669/1635
f 521/1669/1635 856/1668/1634 522/1670/1636
f 522/1670/1636 856/1668/1634 857/1556/1522
f 522/1670/1636 857/1556/1522 523/1555/1521
f 509/1651/1617 508/1671/1637 822/1649/1615
f 822/1649/1615 508/1671/1637 823/1672/1638
f 823/1672/1638 508/1671/1637 507/1673/1639
f 823/1672/1638 507/1673/1639 824/1674/1640
f 824/1674/1640 507/1673/1639 506/1675/1641
f 824/1674/1640 506/1675/1641 801/1676/1642
f 801/1676/1642 506/1675/1641 669/1677/1643
f 801/1676/1642 669/1677/1643 747/1678/1644
f 747/1678/1644 669/1677/1643 668/1679/1645
f 747/1678/1644 668/1679/1645 748/1680/1646
f 748/1680/1646 668/1679/1645 667/1681/1647
f 748/1680/1646 667/1681/1647 749/1682/1648
f 749/1682/1648 667/1681/1647 666/1591/1557
f 749/1682/1648 666/1591/1557 750/1593/1559
f 669/1677/1643 506/1675/1641 670/1683/1649
f 670/1683/1649 506/1675/1641 505/1684/1650
f 670/1683/1649 505/1684/1650 671/1685/1651
f 671/1685/1651 505/1684/1650 504/1686/1652
f 671/1685/1651 504/1686/1652 672/1564/1530
f 672/1564/1530 504/1686/1652 503/1562/1528
f 801/1676/1642 747/1678/1644 802/1687/1653
f 802/1687/1653 747/1678/1644 746/1688/1654
f 802/1687/1653 746/1688/1654 803/1689/1655
f 803/1689/1655 746/1688/1654 745/1690/1656
f 803/1689/1655 745/1690/1656 804/1622/1588
f 804/1622/1588 745/1690/1656 744/1620/1586
f 864/1691/1657 525/1692/1658 825/1693/1659
f 825/1693/1659 525/1692/1658 524/1694/1660
f 825/1693/1659 524/1694/1660 826/1695/1661
f 826/1695/1661 524/1694/1660 563/1696/1662
f 826/1695/1661 563/1696/1662 827/1697/1663
f 827/1697/1663 563/1696/1662 562/1698/1664
f 827/1697/1663 562/1698/1664 828/1699/1665
f 828/1699/1665 562/1698/1664 561/1700/1666
f 828/1699/1665 561/1700/1666 829/1701/1667
f 829/1701/1667 561/1700/1666 560/1702/1668
f 829/1701/1667 560/1702/1668 830/1703/1669
f 830/1703/1669 560/1702/1668 559/1704/1670
f 830/1703/1669 559/1704/1670 831/1705/1671
f 831/1705/1671 559/1704/1670 558/1706/1672
f 831/1705/1671 558/1706/1672 832/1707/1673
f 832/1707/1673 558/1706/1672 557/1708/1674
f 832/1707/1673 557/1708/1674 833/1709/1675
f 833/1709/1675 557/1708/1674 556/1710/1676
f 833/1709/1675 556/1710/1676 834/1711/1677
f 834/1711/1677 556/1710/1676 555/1712/1678
f 834/1711/1677 555/1712/1678 835/1713/1679
f 835/1713/1679 555/1712/1678 554/1714/1680
f 835/1713/1679 554/1714/1680 836/1715/1681
f 836/1715/1681 554/1714/1680 553/1716/1682
f 836/1715/1681 553/1716/1682 837/1717/1683
f 837/1717/1683 553/1716/1682 552/1718/1684
f 837/1717/1683 552/1718/1684 838/1719/1685
f 838/1719/1685 552/1718/1684 551/1720/1686
f 838/1719/1685 551/1720/1686 839/1721/1687
f 839/1721/1687 551/1720/1686 550/1722/1688
f 839/1721/1687 550/1722/1688 840/1723/1689
f 840/1723/1689 550/1722/1688 549/1724/1690
f 840/1723/1689 549/1724/1690 841/1725/1691
f 841/1725/1691 549/1724/1690 548/1726/1692
f 841/1725/1691 548/1726/1692 842/1727/1693
f 842/1727/1693 548/1726/1692 547/1728/1694
f 842/1727/1693 547/1728/1694 843/1729/1695
f 843/1729/1695 547/1728/1694 546/1730/1696
f 843/1729/1695 546/1730/1696 844/1731/1697
f 844/1731/1697 546/1730/1696 545/1732/1698
f 844/1731/1697 545/1732/1698 845/1733/1699
f 845/1733/1699 545/1732/1698 544/1734/1700
f 845/1735/1699 544/1736/1700 846/1737/1701
f 846/1737/1701 544/1736/1700 543/1738/1702
f 846/1737/1701 543/1738/1702 847/1739/1703
f 847/1739/1703 543/1738/1702 542/1740/1704
f 847/1739/1703 542/1740/1704 848/1741/1705
f 848/1741/1705 542/1740/1704 541/1742/1706
f 848/1741/1705 541/1742/1706 849/1743/1707
f 849/1743/1707 541/1742/1706 540/1744/1708
f 849/1743/1707 540/1744/1708 850/1745/1709
f 850/1745/1709 540/1744/1708 539/1746/1710
f 850/1745/1709 539/1746/1710 851/1747/1711
f 851/1747/1711 539/1746/1710 538/1748/1712
f 851/1747/1711 538/1748/1712 852/1749/1713
f 852/1749/1713 538/1748/1712 537/1750/1714
f 852/1749/1713 537/1750/1714 853/1751/1715
f 853/1751/1715 537/1750/1714 536/1752/1716
f 853/1751/1715 536/1752/1716 854/1753/1717
f 854/1753/1717 536/1752/1716 535/1754/1718
f 854/1753/1717 535/1754/1718 855/1755/1719
f 855/1755/1719 535/1754/1718 534/1756/1720
f 855/1755/1719 534/1756/1720 856/1757/1721
f 856/1757/1721 534/1756/1720 533/1758/1722
f 856/1757/1721 533/1758/1722 857/1759/1723
f 857/1759/1723 533/1758/1722 532/1760/1724
f 857/1759/1723 532/1760/1724 858/1761/1725
f 858/1761/1725 532/1760/1724 531/1762/1726
f 858/1761/1725 531/1762/1726 859/1763/1727
f 859/1763/1727 531/1762/1726 530/1764/1728
f 859/1763/1727 530/1764/1728 860/1765/1729
f 860/1765/1729 530/1764/1728 529/1766/1730
f 860/1765/1729 529/1766/1730 861/1767/1731
f 861/1767/1731 529/1766/1730 528/1768/1732
f 861/1767/1731 528/1768/1732 862/1769/1733
f 862/1769/1733 528/1768/1732 527/1770/1734
f 862/1769/1733 527/1770/1734 863/1771/1735
f 863/1771/1735 527/1770/1734 526/1772/1736
f 863/1771/1735 526/1772/1736 864/1691/1657
f 864/1691/1657 526/1772/1736 525/1692/1658
g Body3

v 0.015000 0.000000 0.000000
v 0.014806 0.002406 0.000000
v 0.014228 0.004750 0.000000
v 0.013282 0.006971 0.000000
v 0.011992 0.009011 0.000000
v 0.010391 0.010818 0.000000
v 0.008521 0.012345 0.000000
v 0.006430 0.013552 0.000000
v 0.004173 0.014408 0.000000
v 0.001808 0.014891 0.000000
v -0.000604 0.014988 0.000000
v -0.003000 0.014697 0.000000
v -0.005319 0.014025 0.000000
v -0.007500 0.012990 0.000000
v -0.009487 0.011619 0.000000
v -0.011228 0.009947 0.000000
v -0.012678 0.008017 0.000000
v -0.013800 0.005880 0.000000
v -0.014564 0.003590 0.000000
v -0.014951 0.001207 0.000000
v -0.014951 -0.001207 0.000000
v -0.014564 -0.003590 0.000000
v -0.013800 -0.005880 0.000000
v -0.012678 -0.008017 0.000000
v -0.011228 -0.009947 0.000000
v -0.009487 -0.011619 0.000000
v -0.007500 -0.012990 0.000000
v -0.005319 -0.014025 0.000000
v -0.003000 -0.014697 0.000000
v -0.000604 -0.014988 0.000000
v 0.001808 -0.014891 0.000000
v 0.004173 -0.014408 0.000000
v 0.006430 -0.013552 0.000000
v 0.008521 -0.012345 0.000000
v 0.010391 -0.010818 0.000000
v 0.011992 -0.009011 0.000000
v 0.013282 -0.006971 0.000000
v 0.014228 -0.004750 0.000000
v 0.014806 -0.002406 0.000000
v 0.018000 0.000000 0.000000
v 0.017799 -0.002683 0.000000
v 0.017200 -0.005306 0.000000
v 0.016217 -0.007810 0.000000
v 0.014872 -0.010140 0.000000
v 0.013195 -0.012243 0.000000
v 0.011223 -0.014073 0.000000
v 0.009000 -0.015588 0.000000
v 0.006576 -0.016756 0.000000
v 0.004005 -0.017549 0.000000
v 0.001345 -0.017950 0.000000
v -0.001345 -0.017950 0.000000
v -0.004005 -0.017549 0.000000
v -0.006576 -0.016756 0.000000
v -0.009000 -0.015588 0.000000
v -0.011223 -0.014073 0.000000
v -0.013195 -0.012243 0.000000
v -0.014872 -0.010140 0.000000
v -0.016217 -0.007810 0.000000
v -0.017200 -0.005306 0.000000
v -0.017799 -0.002683 0.000000
v -0.018000 0.000000 0.000000
v -0.017799 0.002683 0.000000
v -0.017200 0.005306 0.000000
v -0.016217 0.007810 0.000000
v -0.014872 0.010140 0.000000
v -0.013195 0.012243 0.000000
v -0.011223 0.014073 0.000000
v -0.009000 0.015588 0.000000
v -0.006576 0.016756 0.000000
v -0.004005 0.017549 0.000000
v -0.001345 0.017950 0.000000
v 0.001345 0.017950 0.000000
v 0.004005 0.017549 0.000000
v 0.006576 0.016756 0.000000
v 0.009000 0.015588 0.000000
v 0.011223 0.014073 0.000000
v 0.013195 0.012243 0.000000
v 0.014872 0.010140 0.000000
v 0.016217 0.007810 0.000000
v 0.017200 0.005306 0.000000
v 0.017799 0.002683 0.000000
v 0.015000 0.000000 0.004000
v 0.014806 -0.002406 0.004000
v 0.014228 -0.004750 0.004000
v 0.013282 -0.006971 0.004000
v 0.011992 -0.009011 0.004000
v 0.010391 -0.010818 0.004000
v 0.008521 -0.012345 0.004000
v 0.006430 -0.013552 0.004000
v 0.004173 -0.014408 0.004000
v 0.001808 -0.014891 0.004000
v -0.000604 -0.014988 0.004000
v -0.003000 -0.014697 0.004000
v -0.005319 -0.014025 0.004000
v -0.007500 -0.012990 0.004000
v -0.009487 -0.011619 0.004000
v -0.011228 -0.009947 0.004000
v -0.012678 -0.008017 0.004000
v -0.013800 -0.005880 0.004000
v -0.014564 -0.003590 0.004000
v -0.014951 -0.001207 0.004000
v -0.014951 0.001207 0.004000
v -0.014564 0.003590 0.004000
v -0.013800 0.005880 0.004000
v -0.012678 0.008017 0.004000
v -0.011228 0.009947 0.004000
v -0.009487 0.011619 0.004000
v -0.007500 0.012990 0.004000
v -0.005319 0.014025 0.004000
v -0.003000 0.014697 0.004000
v -0.000604 0.014988 0.004000
v 0.001808 0.014891 0.004000
v 0.004173 0.014408 0.004000
v 0.006430 0.013552 0.004000
v 0.008521 0.012345 0.004000
v 0.010391 0.010818 0.004000
v 0.011992 0.009011 0.004000
v 0.013282 0.006971 0.004000
v 0.014228 0.004750 0.004000
v 0.014806 0.002406 0.004000
vt 1.499991 2.658270 0.000000
vt -1.499991 2.468393 0.000000
vt 1.499991 0.000000 0.000000
vt -1.499991 0.000000 0.000000
vt -1.499991 -2.468393 0.000000
vt -1.499991 4.936787 0.000000
vt 1.499991 5.316540 0.000000
vt -1.499991 7.405180 0.000000
vt 1.499991 7.974810 0.000000
vt -1.499991 9.873574 0.000000
vt 1.499991 10.633080 0.000000
vt -1.499991 12.341967 0.000000
vt 1.499991 13.291350 0.000000
vt -1.499991 14.810361 0.000000
vt 1.499991 15.949619 0.000000
vt -1.499991 17.278754 0.000000
vt 1.499991 18.607889 0.000000
vt -1.499991 19.747148 0.000000
vt 1.499991 21.266159 0.000000
vt -1.499991 22.215541 0.000000
vt 1.499991 23.924429 0.000000
vt -1.499991 24.683935 0.000000
vt 1.499991 26.582699 0.000000
vt -1.499991 27.152328 0.000000
vt 1.499991 29.240969 0.000000
vt -1.499991 29.620722 0.000000
vt 1.499991 31.899239 0.000000
vt -1.499991 32.089115 0.000000
vt 1.499991 34.557509 0.000000
vt -1.499991 34.557509 0.000000
vt -1.499991 37.025902 0.000000
vt 1.499991 37.215779 0.000000
vt -1.499991 39.494296 0.000000
vt 1.499991 39.874049 0.000000
vt -1.499991 41.962689 0.000000
vt 1.499991 42.532318 0.000000
vt -1.499991 44.431083 0.000000
vt 1.499991 45.190588 0.000000
vt -1.499991 46.899476 0.000000
vt 1.499991 47.848858 0.000000
vt -1.499991 49.367870 0.000000
vt 1.499991 50.507128 0.000000
vt -1.499991 51.836263 0.000000
vt -1.499991 -51.836263 0.000000
vt 1.499991 -53.165398 0.000000
vt 1.499991 -50.507128 0.000000
vt -1.499991 -49.367870 0.000000
vt 1.499991 -47.848858 0.000000
vt -1.499991 -46.899476 0.000000
vt 1.499991 -45.190588 0.000000
vt -1.499991 -44.431083 0.000000
vt 1.499991 -42.532318 0.000000
vt -1.499991 -41.962689 0.000000
vt 1.499991 -39.874049 0.000000
vt -1.499991 -39.494296 0.000000
vt 1.499991 -37.215779 0.000000
vt -1.499991 -37.025902 0.000000
vt 1.499991 -34.557509 0.000000
vt -1.499991 -34.557509 0.000000
vt -1.499991 -32.089115 0.000000
vt 1.499991 -31.899239 0.000000
vt -1.499991 -29.620722 0.000000
vt 1.499991 -29.240969 0.000000
vt -1.499991 -27.152328 0.000000
vt 1.499991 -26.582699 0.000000
vt -1.499991 -24.683935 0.000000
vt 1.499991 -23.924429 0.000000
vt -1.499991 -22.215541 0.000000
vt 1.499991 -21.266159 0.000000
vt -1.499991 -19.747148 0.000000
vt 1.499991 -18.607889 0.000000
vt -1.499991 -17.278754 0.000000
vt 1.499991 -15.949619 0.000000
vt -1.499991 -14.810361 0.000000
vt 1.499991 -13.291350 0.000000
vt -1.499991 -12.341967 0.000000
vt 1.499991 -10.633080 0.000000
vt -1.499991 -9.873574 0.000000
vt 1.499991 -7.974810 0.000000
vt -1.499991 -7.405180 0.000000
vt 1.499991 -5.316540 0.000000
vt -1.499991 -4.936787 0.000000
vt 1.499991 -2.658270 0.000000
vt 2.499995 -2.468393 0.000000
vt 2.499995 0.000000 0.000000
vt -2.499995 0.000000 0.000000
vt 2.499995 2.468393 0.000000
vt -2.499995 2.658270 0.000000
vt 2.499995 4.936787 0.000000
vt -2.499995 5.316540 0.000000
vt 2.499995 7.405180 0.000000
vt -2.499995 7.974810 0.000000
vt 2.499995 9.873574 0.000000
vt -2.499995 10.633080 0.000000
vt 2.499995 12.341967 0.000000
vt -2.499995 13.291350 0.000000
vt 2.499995 14.810361 0.000000
vt -2.499995 15.949619 0.000000
vt 2.499995 17.278754 0.000000
vt -2.499995 18.607889 0.000000
vt 2.499995 19.747148 0.000000
vt -2.499995 21.266159 0.000000
vt 2.499995 22.215541 0.000000
vt -2.499995 23.924429 0.000000
vt 2.499995 24.683935 0.000000
vt -2.499995 26.582699 0.000000
vt 2.499995 27.152328 0.000000
vt -2.499995 29.240969 0.000000
vt 2.499995 29.620722 0.000000
vt -2.499995 31.899239 0.000000
vt 2.499995 32.089115 0.000000
vt -2.499995 34.557509 0.000000
vt 2.499995 34.557509 0.000000
vt 2.499995 37.025902 0.000000
vt -2.499995 37.215779 0.000000
vt 2.499995 39.494296 0.000000
vt -2.499995 39.874049 0.000000
vt 2.499995 41.962689 0.000000
vt -2.499995 42.532318 0.000000
vt 2.499995 44.431083 0.000000
vt -2.499995 45.190588 0.000000
vt 2.499995 46.899476 0.000000
vt -2.499995 47.848858 0.000000
vt 2.499995 49.367870 0.000000
vt -2.499995 50.507128 0.000000
vt 2.499995 51.836263 0.000000
vt -2.499995 53.165398 0.000000
vt -2.499995 -50.507128 0.000000
vt 2.499995 -51.836263 0.000000
vt 2.499995 -49.367870 0.000000
vt -2.499995 -47.848858 0.000000
vt 2.499995 -46.899476 0.000000
vt -2.499995 -45.190588 0.000000
vt 2.499995 -44.431083 0.000000
vt -2.499995 -42.532318 0.000000
vt 2.499995 -41.962689 0.000000
vt -2.499995 -39.874049 0.000000
vt 2.499995 -39.494296 0.000000
vt -2.499995 -37.215779 0.000000
vt 2.499995 -37.025902 0.000000
vt -2.499995 -34.557509 0.000000
vt 2.499995 -34.557509 0.000000
vt 2.499995 -32.089115 0.000000
vt -2.499995 -31.899239 0.000000
vt 2.499995 -29.620722 0.000000
vt -2.499995 -29.240969 0.000000
vt 2.499995 -27.152328 0.000000
vt -2.499995 -26.582699 0.000000
vt 2.499995 -24.683935 0.000000
vt -2.499995 -23.924429 0.000000
vt 2.499995 -22.215541 0.000000
vt -2.499995 -21.266159 0.000000
vt 2.499995 -19.747148 0.000000
vt -2.499995 -18.607889 0.000000
vt 2.499995 -17.278754 0.000000
vt -2.499995 -15.949619 0.000000
vt 2.499995 -14.810361 0.000000
vt -2.499995 -13.291350 0.000000
vt 2.499995 -12.341967 0.000000
vt -2.499995 -10.633080 0.000000
vt 2.499995 -9.873574 0.000000
vt -2.499995 -7.974810 0.000000
vt 2.499995 -7.405180 0.000000
vt -2.499995 -5.316540 0.000000
vt 2.499995 -4.936787 0.000000
vt -2.499995 -2.658270 0.000000
vt 2.000025 2.416610 0.000000
vt -2.000025 2.416610 0.000000
vt 2.000025 0.000000 0.000000
vt -2.000025 0.000000 0.000000
vt 2.000025 -2.416610 0.000000
vt -2.000025 -2.416610 0.000000
vt -2.000025 -4.833221 0.000000
vt 2.000025 4.833221 0.000000
vt -2.000025 4.833221 0.000000
vt 2.000025 7.249831 0.000000
vt -2.000025 7.249831 0.000000
vt 2.000025 9.666442 0.000000
vt -2.000025 9.666442 0.000000
vt 2.000025 12.083052 0.000000
vt -2.000025 12.083052 0.000000
vt 2.000025 14.499663 0.000000
vt -2.000025 14.499663 0.000000
vt 2.000025 16.916273 0.000000
vt -2.000025 16.916273 0.000000
vt 2.000025 19.332883 0.000000
vt -2.000025 19.332883 0.000000
vt 2.000025 21.749494 0.000000
vt -2.000025 21.749494 0.000000
vt 2.000025 24.166104 0.000000
vt -2.000025 24.166104 0.000000
vt 2.000025 26.582715 0.000000
vt -2.000025 26.582715 0.000000
vt 2.000025 28.999325 0.000000
vt -2.000025 28.999325 0.000000
vt 2.000025 31.415936 0.000000
vt -2.000025 31.415936 0.000000
vt 2.000025 33.832546 0.000000
vt -2.000025 33.832546 0.000000
vt 2.000025 36.249157 0.000000
vt -2.000025 36.249157 0.000000
vt 2.000025 38.665767 0.000000
vt -2.000025 38.665767 0.000000
vt 2.000025 41.082377 0.000000
vt -2.000025 41.082377 0.000000
vt 2.000025 43.498988 0.000000
vt -2.000025 43.498988 0.000000
vt 2.000025 45.915598 0.000000
vt -2.000025 45.915598 0.000000
vt 2.000025 48.332209 0.000000
vt -2.000025 48.332209 0.000000
vt -2.000025 -45.915598 0.000000
vt 2.000025 -45.915598 0.000000
vt 2.000025 -43.498988 0.000000
vt -2.000025 -43.498988 0.000000
vt 2.000025 -41.082377 0.000000
vt -2.000025 -41.082377 0.000000
vt 2.000025 -38.665767 0.000000
vt -2.000025 -38.665767 0.000000
vt 2.000025 -36.249157 0.000000
vt -2.000025 -36.249157 0.000000
vt 2.000025 -33.832546 0.000000
vt -2.000025 -33.832546 0.000000
vt 2.000025 -31.415936 0.000000
vt -2.000025 -31.415936 0.000000
vt 2.000025 -28.999325 0.000000
vt -2.000025 -28.999325 0.000000
vt 2.000025 -26.582715 0.000000
vt -2.000025 -26.582715 0.000000
vt 2.000025 -24.166104 0.000000
vt -2.000025 -24.166104 0.000000
vt 2.000025 -21.749494 0.000000
vt -2.000025 -21.749494 0.000000
vt 2.000025 -19.332883 0.000000
vt -2.000025 -19.332883 0.000000
vt 2.000025 -16.916273 0.000000
vt -2.000025 -16.916273 0.000000
vt 2.000025 -14.499663 0.000000
vt -2.000025 -14.499663 0.000000
vt 2.000025 -12.083052 0.000000
vt -2.000025 -12.083052 0.000000
vt 2.000025 -9.666442 0.000000
vt -2.000025 -9.666442 0.000000
vt 2.000025 -7.249831 0.000000
vt -2.000025 -7.249831 0.000000
vt 2.000025 -4.833221 0.000000
vn 0.000016 0.000003 -1.000000
vn 0.000016 0.000002 -1.000000
vn 0.000016 -0.000000 -1.000000
vn 0.000016 -0.000000 -1.000000
vn 0.000016 -0.000002 -1.000000
vn 0.000015 0.000005 -1.000000
vn 0.000015 0.000005 -1.000000
vn 0.000015 0.000007 -1.000000
vn 0.000014 0.000007 -1.000000
vn 0.000013 0.000009 -1.000000
vn 0.000013 0.000010 -1.000000
vn 0.000012 0.000011 -1.000000
vn 0.000011 0.000012 -1.000000
vn 0.000010 0.000013 -1.000000
vn 0.000009 0.000013 -1.000000
vn 0.000008 0.000014 -1.000000
vn 0.000007 0.000015 -1.000000
vn 0.000006 0.000015 -1.000000
vn 0.000004 0.000015 -1.000000
vn 0.000004 0.000016 -1.000000
vn 0.000002 0.000016 -1.000000
vn 0.000001 0.000016 -1.000000
vn -0.000001 0.000016 -1.000000
vn -0.000001 0.000016 -1.000000
vn -0.000003 0.000016 -1.000000
vn -0.000004 0.000016 -1.000000
vn -0.000006 0.000015 -1.000000
vn -0.000006 0.000015 -1.000000
vn -0.000008 0.000014 -1.000000
vn -0.000008 0.000014 -1.000000
vn -0.000010 0.000013 -1.000000
vn -0.000010 0.000012 -1.000000
vn -0.000012 0.000011 -1.000000
vn -0.000012 0.000011 -1.000000
vn -0.000013 0.000009 -1.000000
vn -0.000014 0.000009 -1.000000
vn -0.000015 0.000007 -1.000000
vn -0.000015 0.000006 -1.000000
vn -0.000015 0.000005 -1.000000
vn -0.000016 0.000004 -1.000000
vn -0.000016 0.000002 -1.000000
vn -0.000016 0.000001 -1.000000
vn -0.000016 0.000000 -1.000000
vn -0.000016 -0.000001 -1.000000
vn -0.000016 -0.000002 -1.000000
vn -0.000016 -0.000004 -1.000000
vn -0.000015 -0.000005 -1.000000
vn -0.000015 -0.000006 -1.000000
vn -0.000015 -0.000007 -1.000000
vn -0.000014 -0.000009 -1.000000
vn -0.000013 -0.000009 -1.000000
vn -0.000012 -0.000011 -1.000000
vn -0.000012 -0.000011 -1.000000
vn -0.000010 -0.000012 -1.000000
vn -0.000010 -0.000013 -1.000000
vn -0.000008 -0.000014 -1.000000
vn -0.000008 -0.000014 -1.000000
vn -0.000006 -0.000015 -1.000000
vn -0.000006 -0.000015 -1.000000
vn -0.000004 -0.000016 -1.000000
vn -0.000003 -0.000016 -1.000000
vn -0.000001 -0.000016 -1.000000
vn -0.000001 -0.000016 -1.000000
vn 0.000001 -0.000016 -1.000000
vn 0.000002 -0.000016 -1.000000
vn 0.000004 -0.000016 -1.000000
vn 0.000004 -0.000015 -1.000000
vn 0.000006 -0.000015 -1.000000
vn 0.000007 -0.000015 -1.000000
vn 0.000008 -0.000014 -1.000000
vn 0.000009 -0.000013 -1.000000
vn 0.000010 -0.000013 -1.000000
vn 0.000011 -0.000012 -1.000000
vn 0.000012 -0.000011 -1.000000
vn 0.000013 -0.000010 -1.000000
vn 0.000013 -0.000009 -1.000000
vn 0.000014 -0.000007 -1.000000
vn 0.000015 -0.000007 -1.000000
vn 0.000015 -0.000005 -1.000000
vn 0.000015 -0.000005 -1.000000
vn 0.000016 -0.000003 -1.000000
vn 0.791067 -0.119234 0.599997
vn 0.800002 -0.000000 0.599997
vn 0.800002 -0.000000 0.599997
vn 0.791067 0.119234 0.599997
vn 0.789642 0.128329 0.599997
vn 0.764460 0.235805 0.599997
vn 0.758831 0.253335 0.599997
vn 0.720777 0.347108 0.599997
vn 0.708367 0.371779 0.599997
vn 0.660993 0.450657 0.599997
vn 0.639556 0.480595 0.599997
vn 0.586443 0.544139 0.599997
vn 0.554181 0.576963 0.599997
vn 0.498793 0.625467 0.599997
vn 0.454453 0.658389 0.599997
vn 0.400001 0.692822 0.599997
vn 0.342955 0.722762 0.599997
vn 0.292274 0.744701 0.599997
vn 0.222574 0.768416 0.599997
vn 0.178017 0.779944 0.599997
vn 0.096430 0.794169 0.599997
vn 0.059784 0.797765 0.599997
vn -0.032213 0.799353 0.599997
vn -0.059784 0.797765 0.599997
vn -0.160021 0.783834 0.599997
vn -0.178017 0.779944 0.599997
vn -0.283685 0.748015 0.599997
vn -0.292274 0.744701 0.599997
vn -0.400001 0.692822 0.599997
vn -0.400001 0.692822 0.599997
vn -0.498793 0.625467 0.599997
vn -0.505958 0.619685 0.599997
vn -0.586443 0.544139 0.599997
vn -0.598810 0.530499 0.599997
vn -0.660993 0.450657 0.599997
vn -0.676154 0.427574 0.599997
vn -0.720777 0.347108 0.599997
vn -0.735985 0.313574 0.599997
vn -0.764460 0.235805 0.599997
vn -0.776755 0.191453 0.599997
vn -0.791067 0.119234 0.599997
vn -0.797408 0.064373 0.599997
vn -0.800002 0.000000 0.599997
vn -0.797408 -0.064373 0.599997
vn -0.791067 -0.119234 0.599997
vn -0.776755 -0.191453 0.599997
vn -0.764460 -0.235805 0.599997
vn -0.735985 -0.313574 0.599997
vn -0.720777 -0.347108 0.599997
vn -0.676154 -0.427574 0.599997
vn -0.660993 -0.450657 0.599997
vn -0.598810 -0.530499 0.599997
vn -0.586443 -0.544139 0.599997
vn -0.505958 -0.619685 0.599997
vn -0.498793 -0.625467 0.599997
vn -0.400001 -0.692822 0.599997
vn -0.400001 -0.692822 0.599997
vn -0.292274 -0.744701 0.599997
vn -0.283685 -0.748015 0.599997
vn -0.178017 -0.779944 0.599997
vn -0.160021 -0.783834 0.599997
vn -0.059784 -0.797765 0.599997
vn -0.032213 -0.799353 0.599997
vn 0.059784 -0.797765 0.599997
vn 0.096430 -0.794169 0.599997
vn 0.178017 -0.779944 0.599997
vn 0.222574 -0.768416 0.599997
vn 0.292274 -0.744701 0.599997
vn 0.342955 -0.722762 0.599997
vn 0.400001 -0.692822 0.599997
vn 0.454453 -0.658389 0.599997
vn 0.498793 -0.625467 0.599997
vn 0.554181 -0.576963 0.599997
vn 0.586443 -0.544139 0.599997
vn 0.639556 -0.480595 0.599997
vn 0.660993 -0.450657 0.599997
vn 0.708367 -0.371779 0.599997
vn 0.720777 -0.347108 0.599997
vn 0.758831 -0.253335 0.599997
vn 0.764460 -0.235805 0.599997
vn 0.789642 -0.128329 0.599997
vn -0.987050 -0.160411 0.000000
vn -0.987050 -0.160411 0.000000
vn -1.000000 0.000000 0.000000
vn -1.000000 0.000000 0.000000
vn -0.987050 0.160411 0.000000
vn -0.987050 0.160411 0.000000
vn -0.948536 0.316668 0.000000
vn -0.948536 -0.316668 0.000000
vn -0.948536 -0.316668 0.000000
vn -0.885456 -0.464723 0.000000
vn -0.885456 -0.464723 0.000000
vn -0.799443 -0.600742 0.000000
vn -0.799443 -0.600742 0.000000
vn -0.692724 -0.721202 0.000000
vn -0.692724 -0.721202 0.000000
vn -0.568065 -0.822984 0.000000
vn -0.568065 -0.822984 0.000000
vn -0.428693 -0.903450 0.000000
vn -0.428693 -0.903450 0.000000
vn -0.278217 -0.960518 0.000000
vn -0.278217 -0.960518 0.000000
vn -0.120537 -0.992709 0.000000
vn -0.120537 -0.992709 0.000000
vn 0.040266 -0.999189 0.000000
vn 0.040266 -0.999189 0.000000
vn 0.200026 -0.979791 0.000000
vn 0.200026 -0.979791 0.000000
vn 0.354605 -0.935016 0.000000
vn 0.354605 -0.935016 0.000000
vn 0.500000 -0.866025 0.000000
vn 0.500000 -0.866025 0.000000
vn 0.632445 -0.774605 0.000000
vn 0.632445 -0.774605 0.000000
vn 0.748511 -0.663123 0.000000
vn 0.748511 -0.663123 0.000000
vn 0.845190 -0.534466 0.000000
vn 0.845190 -0.534466 0.000000
vn 0.919979 -0.391967 0.000000
vn 0.919979 -0.391967 0.000000
vn 0.970942 -0.239316 0.000000
vn 0.970942 -0.239316 0.000000
vn 0.996757 -0.080467 0.000000
vn 0.996757 -0.080467 0.000000
vn 0.996757 0.080467 -0.000000
vn 0.996757 0.080467 -0.000000
vn 0.970942 0.239316 -0.000000
vn 0.970942 0.239316 -0.000000
vn 0.919979 0.391967 -0.000000
vn 0.919979 0.391967 -0.000000
vn 0.845190 0.534466 -0.000000
vn 0.845190 0.534466 -0.000000
vn 0.748511 0.663123 -0.000000
vn 0.748511 0.663123 -0.000000
vn 0.632445 0.774605 -0.000000
vn 0.632445 0.774605 -0.000000
vn 0.500000 0.866025 -0.000000
vn 0.500000 0.866025 -0.000000
vn 0.354605 0.935016 -0.000000
vn 0.354605 0.935016 -0.000000
vn 0.200026 0.979791 -0.000000
vn 0.200026 0.979791 -0.000000
vn 0.040266 0.999189 -0.000000
vn 0.040266 0.999189 -0.000000
vn -0.120537 0.992709 0.000000
vn -0.120537 0.992709 0.000000
vn -0.278217 0.960518 0.000000
vn -0.278217 0.960518 0.000000
vn -0.428693 0.903450 0.000000
vn -0.428693 0.903450 0.000000
vn -0.568065 0.822984 0.000000
vn -0.568065 0.822984 0.000000
vn -0.692724 0.721202 0.000000
vn -0.692724 0.721202 0.000000
vn -0.799443 0.600742 0.000000
vn -0.799443 0.600742 0.000000
vn -0.885456 0.464723 0.000000
vn -0.885456 0.464723 0.000000
vn -0.948536 0.316668 0.000000
f 866/1773/1737 945/1774/1738 865/1775/1739
f 865/1775/1739 945/1774/1738 904/1776/1740
f 865/1775/1739 904/1776/1740 905/1777/1741
f 945/1774/1738 866/1773/1737 944/1778/1742
f 944/1778/1742 866/1773/1737 867/1779/1743
f 944/1778/1742 867/1779/1743 943/1780/1744
f 943/1780/1744 867/1779/1743 868/1781/1745
f 943/1780/1744 868/1781/1745 942/1782/1746
f 942/1782/1746 868/1781/1745 869/1783/1747
f 942/1782/1746 869/1783/1747 941/1784/1748
f 941/1784/1748 869/1783/1747 870/1785/1749
f 941/1784/1748 870/1785/1749 940/1786/1750
f 940/1786/1750 870/1785/1749 871/1787/1751
f 940/1786/1750 871/1787/1751 939/1788/1752
f 939/1788/1752 871/1787/1751 872/1789/1753
f 939/1788/1752 872/1789/1753 938/1790/1754
f 938/1790/1754 872/1789/1753 873/1791/1755
f 938/1790/1754 873/1791/1755 937/1792/1756
f 937/1792/1756 873/1791/1755 874/1793/1757
f 937/1792/1756 874/1793/1757 936/1794/1758
f 936/1794/1758 874/1793/1757 875/1795/1759
f 936/1794/1758 875/1795/1759 935/1796/1760
f 935/1796/1760 875/1795/1759 876/1797/1761
f 935/1796/1760 876/1797/1761 934/1798/1762
f 934/1798/1762 876/1797/1761 877/1799/1763
f 934/1798/1762 877/1799/1763 933/1800/1764
f 933/1800/1764 877/1799/1763 878/1801/1765
f 933/1800/1764 878/1801/1765 932/1802/1766
f 932/1802/1766 878/1801/1765 931/1803/1767
f 931/1803/1767 878/1801/1765 879/1804/1768
f 931/1803/1767 879/1804/1768 930/1805/1769
f 930/1805/1769 879/1804/1768 880/1806/1770
f 930/1805/1769 880/1806/1770 929/1807/1771
f 929/1807/1771 880/1806/1770 881/1808/1772
f 929/1807/1771 881/1808/1772 928/1809/1773
f 928/1809/1773 881/1808/1772 882/1810/1774
f 928/1809/1773 882/1810/1774 927/1811/1775
f 927/1811/1775 882/1810/1774 883/1812/1776
f 927/1811/1775 883/1812/1776 926/1813/1777
f 926/1813/1777 883/1812/1776 884/1814/1778
f 926/1813/1777 884/1814/1778 925/1815/1779
f 925/1816/1779 884/1817/1778 885/1818/1780
f 925/1816/1779 885/1818/1780 924/1819/1781
f 924/1819/1781 885/1818/1780 886/1820/1782
f 924/1819/1781 886/1820/1782 923/1821/1783
f 923/1821/1783 886/1820/1782 887/1822/1784
f 923/1821/1783 887/1822/1784 922/1823/1785
f 922/1823/1785 887/1822/1784 888/1824/1786
f 922/1823/1785 888/1824/1786 921/1825/1787
f 921/1825/1787 888/1824/1786 889/1826/1788
f 921/1825/1787 889/1826/1788 920/1827/1789
f 920/1827/1789 889/1826/1788 890/1828/1790
f 920/1827/1789 890/1828/1790 919/1829/1791
f 919/1829/1791 890/1828/1790 891/1830/1792
f 919/1829/1791 891/1830/1792 918/1831/1793
f 918/1831/1793 891/1830/1792 917/1832/1794
f 917/1832/1794 891/1830/1792 892/1833/1795
f 917/1832/1794 892/1833/1795 916/1834/1796
f 916/1834/1796 892/1833/1795 893/1835/1797
f 916/1834/1796 893/1835/1797 915/1836/1798
f 915/1836/1798 893/1835/1797 894/1837/1799
f 915/1836/1798 894/1837/1799 914/1838/1800
f 914/1838/1800 894/1837/1799 895/1839/1801
f 914/1838/1800 895/1839/1801 913/1840/1802
f 913/1840/1802 895/1839/1801 896/1841/1803
f 913/1840/1802 896/1841/1803 912/1842/1804
f 912/1842/1804 896/1841/1803 897/1843/1805
f 912/1842/1804 897/1843/1805 911/1844/1806
f 911/1844/1806 897/1843/1805 898/1845/1807
f 911/1844/1806 898/1845/1807 910/1846/1808
f 910/1846/1808 898/1845/1807 899/1847/1809
f 910/1846/1808 899/1847/1809 909/1848/1810
f 909/1848/1810 899/1847/1809 900/1849/1811
f 909/1848/1810 900/1849/1811 908/1850/1812
f 908/1850/1812 900/1849/1811 901/1851/1813
f 908/1850/1812 901/1851/1813 907/1852/1814
f 907/1852/1814 901/1851/1813 902/1853/1815
f 907/1852/1814 902/1853/1815 906/1854/1816
f 906/1854/1816 902/1853/1815 903/1855/1817
f 906/1854/1816 903/1855/1817 905/1777/1741
f 905/1777/1741 903/1855/1817 865/1775/1739
f 905/1856/1818 904/1857/1819 946/1858/1820
f 946/1858/1820 904/1857/1819 945/1859/1821
f 946/1858/1820 945/1859/1821 984/1860/1822
f 984/1860/1822 945/1859/1821 944/1861/1823
f 984/1860/1822 944/1861/1823 983/1862/1824
f 983/1862/1824 944/1861/1823 943/1863/1825
f 983/1862/1824 943/1863/1825 982/1864/1826
f 982/1864/1826 943/1863/1825 942/1865/1827
f 982/1864/1826 942/1865/1827 981/1866/1828
f 981/1866/1828 942/1865/1827 941/1867/1829
f 981/1866/1828 941/1867/1829 980/1868/1830
f 980/1868/1830 941/1867/1829 940/1869/1831
f 980/1868/1830 940/1869/1831 979/1870/1832
f 979/1870/1832 940/1869/1831 939/1871/1833
f 979/1870/1832 939/1871/1833 978/1872/1834
f 978/1872/1834 939/1871/1833 938/1873/1835
f 978/1872/1834 938/1873/1835 977/1874/1836
f 977/1874/1836 938/1873/1835 937/1875/1837
f 977/1874/1836 937/1875/1837 976/1876/1838
f 976/1876/1838 937/1875/1837 936/1877/1839
f 976/1876/1838 936/1877/1839 975/1878/1840
f 975/1878/1840 936/1877/1839 935/1879/1841
f 975/1878/1840 935/1879/1841 974/1880/1842
f 974/1880/1842 935/1879/1841 934/1881/1843
f 974/1880/1842 934/1881/1843 973/1882/1844
f 973/1882/1844 934/1881/1843 933/1883/1845
f 973/1882/1844 933/1883/1845 972/1884/1846
f 972/1884/1846 933/1883/1845 932/1885/1847
f 972/1884/1846 932/1885/1847 931/1886/1848
f 972/1884/1846 931/1886/1848 971/1887/1849
f 971/1887/1849 931/1886/1848 930/1888/1850
f 971/1887/1849 930/1888/1850 970/1889/1851
f 970/1889/1851 930/1888/1850 929/1890/1852
f 970/1889/1851 929/1890/1852 969/1891/1853
f 969/1891/1853 929/1890/1852 928/1892/1854
f 969/1891/1853 928/1892/1854 968/1893/1855
f 968/1893/1855 928/1892/1854 927/1894/1856
f 968/1893/1855 927/1894/1856 967/1895/1857
f 967/1895/1857 927/1894/1856 926/1896/1858
f 967/1895/1857 926/1896/1858 966/1897/1859
f 966/1897/1859 926/1896/1858 925/1898/1860
f 966/1897/1859 925/1898/1860 965/1899/1861
f 965/1900/1861 925/1901/1860 924/1902/1862
f 965/1900/1861 924/1902/1862 964/1903/1863
f 964/1903/1863 924/1902/1862 923/1904/1864
f 964/1903/1863 923/1904/1864 963/1905/1865
f 963/1905/1865 923/1904/1864 922/1906/1866
f 963/1905/1865 922/1906/1866 962/1907/1867
f 962/1907/1867 922/1906/1866 921/1908/1868
f 962/1907/1867 921/1908/1868 961/1909/1869
f 961/1909/1869 921/1908/1868 920/1910/1870
f 961/1909/1869 920/1910/1870 960/1911/1871
f 960/1911/1871 920/1910/1870 919/1912/1872
f 960/1911/1871 919/1912/1872 959/1913/1873
f 959/1913/1873 919/1912/1872 918/1914/1874
f 959/1913/1873 918/1914/1874 917/1915/1875
f 959/1913/1873 917/1915/1875 958/1916/1876
f 958/1916/1876 917/1915/1875 916/1917/1877
f 958/1916/1876 916/1917/1877 957/1918/1878
f 957/1918/1878 916/1917/1877 915/1919/1879
f 957/1918/1878 915/1919/1879 956/1920/1880
f 956/1920/1880 915/1919/1879 914/1921/1881
f 956/1920/1880 914/1921/1881 955/1922/1882
f 955/1922/1882 914/1921/1881 913/1923/1883
f 955/1922/1882 913/1923/1883 954/1924/1884
f 954/1924/1884 913/1923/1883 912/1925/1885
f 954/1924/1884 912/1925/1885 953/1926/1886
f 953/1926/1886 912/1925/1885 911/1927/1887
f 953/1926/1886 911/1927/1887 952/1928/1888
f 952/1928/1888 911/1927/1887 910/1929/1889
f 952/1928/1888 910/1929/1889 951/1930/1890
f 951/1930/1890 910/1929/1889 909/1931/1891
f 951/1930/1890 909/1931/1891 950/1932/1892
f 950/1932/1892 909/1931/1891 908/1933/1893
f 950/1932/1892 908/1933/1893 949/1934/1894
f 949/1934/1894 908/1933/1893 907/1935/1895
f 949/1934/1894 907/1935/1895 948/1936/1896
f 948/1936/1896 907/1935/1895 906/1937/1897
f 948/1936/1896 906/1937/1897 947/1938/1898
f 947/1938/1898 906/1937/1897 905/1856/1818
f 947/1938/1898 905/1856/1818 946/1858/1820
f 984/1939/1899 866/1940/1900 946/1941/1901
f 946/1941/1901 866/1940/1900 865/1942/1902
f 946/1941/1901 865/1942/1902 947/1943/1903
f 947/1943/1903 865/1942/1902 903/1944/1904
f 947/1943/1903 903/1944/1904 902/1945/1905
f 984/1939/1899 983/1946/1906 866/1940/1900
f 866/1940/1900 983/1946/1906 867/1947/1907
f 867/1947/1907 983/1946/1906 982/1948/1908
f 867/1947/1907 982/1948/1908 868/1949/1909
f 868/1949/1909 982/1948/1908 981/1950/1910
f 868/1949/1909 981/1950/1910 869/1951/1911
f 869/1951/1911 981/1950/1910 980/1952/1912
f 869/1951/1911 980/1952/1912 870/1953/1913
f 870/1953/1913 980/1952/1912 979/1954/1914
f 870/1953/1913 979/1954/1914 871/1955/1915
f 871/1955/1915 979/1954/1914 978/1956/1916
f 871/1955/1915 978/1956/1916 872/1957/1917
f 872/1957/1917 978/1956/1916 977/1958/1918
f 872/1957/1917 977/1958/1918 873/1959/1919
f 873/1959/1919 977/1958/1918 976/1960/1920
f 873/1959/1919 976/1960/1920 874/1961/1921
f 874/1961/1921 976/1960/1920 975/1962/1922
f 874/1961/1921 975/1962/1922 875/1963/1923
f 875/1963/1923 975/1962/1922 974/1964/1924
f 875/1963/1923 974/1964/1924 876/1965/1925
f 876/1965/1925 974/1964/1924 973/1966/1926
f 876/1965/1925 973/1966/1926 877/1967/1927
f 877/1967/1927 973/1966/1926 972/1968/1928
f 877/1967/1927 972/1968/1928 878/1969/1929
f 878/1969/1929 972/1968/1928 971/1970/1930
f 878/1969/1929 971/1970/1930 879/1971/1931
f 879/1971/1931 971/1970/1930 970/1972/1932
f 879/1971/1931 970/1972/1932 880/1973/1933
f 880/1973/1933 970/1972/1932 969/1974/1934
f 880/1973/1933 969/1974/1934 881/1975/1935
f 881/1975/1935 969/1974/1934 968/1976/1936
f 881/1975/1935 968/1976/1936 882/1977/1937
f 882/1977/1937 968/1976/1936 967/1978/1938
f 882/1977/1937 967/1978/1938 883/1979/1939
f 883/1979/1939 967/1978/1938 966/1980/1940
f 883/1979/1939 966/1980/1940 884/1981/1941
f 884/1981/1941 966/1980/1940 965/1982/1942
f 884/1981/1941 965/1982/1942 885/1983/1943
f 885/1984/1943 965/1985/1942 964/1986/1944
f 885/1984/1943 964/1986/1944 886/1987/1945
f 886/1987/1945 964/1986/1944 963/1988/1946
f 886/1987/1945 963/1988/1946 887/1989/1947
f 887/1989/1947 963/1988/1946 962/1990/1948
f 887/1989/1947 962/1990/1948 888/1991/1949
f 888/1991/1949 962/1990/1948 961/1992/1950
f 888/1991/1949 961/1992/1950 889/1993/1951
f 889/1993/1951 961/1992/1950 960/1994/1952
f 889/1993/1951 960/1994/1952 890/1995/1953
f 890/1995/1953 960/1994/1952 959/1996/1954
f 890/1995/1953 959/1996/1954 891/1997/1955
f 891/1997/1955 959/1996/1954 958/1998/1956
f 891/1997/1955 958/1998/1956 892/1999/1957
f 892/1999/1957 958/1998/1956 957/2000/1958
f 892/1999/1957 957/2000/1958 893/2001/1959
f 893/2001/1959 957/2000/1958 956/2002/1960
f 893/2001/1959 956/2002/1960 894/2003/1961
f 894/2003/1961 956/2002/1960 955/2004/1962
f 894/2003/1961 955/2004/1962 895/2005/1963
f 895/2005/1963 955/2004/1962 954/2006/1964
f 895/2005/1963 954/2006/1964 896/2007/1965
f 896/2007/1965 954/2006/1964 953/2008/1966
f 896/2007/1965 953/2008/1966 897/2009/1967
f 897/2009/1967 953/2008/1966 952/2010/1968
f 897/2009/1967 952/2010/1968 898/2011/1969
f 898/2011/1969 952/2010/1968 951/2012/1970
f 898/2011/1969 951/2012/1970 899/2013/1971
f 899/2013/1971 951/2012/1970 950/2014/1972
f 899/2013/1971 950/2014/1972 900/2015/1973
f 900/2015/1973 950/2014/1972 949/2016/1974
f 900/2015/1973 949/2016/1974 901/2017/1975
f 901/2017/1975 949/2016/1974 948/2018/1976
f 901/2017/1975 948/2018/1976 902/1945/1905
f 902/1945/1905 948/2018/1976 947/1943/1903
# 984 vertices
# 2018 texture params
# 1976 normals
# 1996 facets

# 2 groups
