{
	"timestamps": [
		573726603316258,
		573726620777643,
		573726627321405,
		573726635247100,
		573726642939183,
		573726650170730,
		573726657714833,
		573726665274490,
		573726672720031,
		573726680238057,
		573726687741465,
		573726695232238,
		573726702738891,
		573726710237960,
		573726717737930,
		573726725236979,
		573726732737024,
		573726740238845,
		573726747737904,
		573726755237747,
		573726762736968,
		573726770238677,
		573726777738108,
		573726785238215,
		573726792737157,
		573726800236811,
		573726807738601,
		573726815238611,
		573726822737935,
		573726830237619,
		573726837739349,
		573726845238525,
		573726852738001,
		573726860237467,
		573726867737035,
		573726875239084,
		573726882738805,
		573726890238357,
		573726897737762,
		573726905239125,
		573726912738693,
		573726920238357,
		573726927737813,
		573726935237777,
		573726942739537,
		573726950238464,
		573726957738245,
		573726965237808,
		573726972737569,
		573726980238942,
		573726987738922,
		573726995238494,
		573727002738052,
		573727010239812,
		573727017738835,
		573727025238916,
		573727032737940,
		573727040237558,
		573727047739654,
		573727055239227,
		573727062738326,
		573727070238286,
		573727077739532,
		573727085239262,
		573727092738540,
		573727100238560,
		573727107738255,
		573727115239979,
		573727122739125,
		573727130238581,
		573727137738591,
		573727145240254,
		573727152739801,
		573727160239339,
		573727167738769,
		573727175238372,
		573727182740280,
		573727190239761,
		573727197738708,
		573727205238393,
		573727212737914,
		573727220239644,
		573727227739217,
		573727235239293,
		573727242737767,
		573727250239791,
		573727257739613,
		573727265239176,
		573727272739100
	],
	"frameID": [
		1,
		4,
		5,
		6,
		7,
		8,
		9,
		10,
		11,
		12,
		13,
		14,
		15,
		16,
		17,
		18,
		19,
		20,
		21,
		22,
		23,
		24,
		25,
		26,
		27,
		28,
		29,
		30,
		31,
		32,
		33,
		34,
		35,
		36,
		37,
		38,
		39,
		40,
		41,
		42,
		43,
		44,
		45,
		46,
		47,
		48,
		49,
		50,
		51,
		52,
		53,
		54,
		55,
		56,
		57,
		58,
		59,
		60,
		61,
		62,
		63,
		64,
		65,
		66,
		67,
		68,
		69,
		70,
		71,
		72,
		73,
		74,
		75,
		76,
		77,
		78,
		79,
		80,
		81,
		82,
		83,
		84,
		85,
		86,
		87,
		88,
		89,
		90,
		91
	],
	"pc_time": [
		1753901110.3607235,
		1753901110.5004451,
		1753901110.5526826,
		1753901110.6156719,
		1753901110.677658,
		1753901110.7355685,
		1753901110.795848,
		1753901110.8564045,
		1753901110.9159012,
		1753901110.9760888,
		1753901111.0360897,
		1753901111.0959668,
		1753901111.1561143,
		1753901111.216051,
		1753901111.276,
		1753901111.3359468,
		1753901111.3959749,
		1753901111.455978,
		1753901111.5159686,
		1753901111.5760167,
		1753901111.636002,
		1753901111.696013,
		1753901111.7559733,
		1753901111.8160262,
		1753901111.875958,
		1753901111.9359248,
		1753901111.9959962,
		1753901112.0560143,
		1753901112.116038,
		1753901112.176022,
		1753901112.2359893,
		1753901112.2959409,
		1753901112.356263,
		1753901112.4160554,
		1753901112.4759526,
		1753901112.5360188,
		1753901112.5961015,
		1753901112.655966,
		1753901112.715991,
		1753901112.776021,
		1753901112.8360016,
		1753901112.8959873,
		1753901112.9559672,
		1753901113.0155234,
		1753901113.0759785,
		1753901113.1359978,
		1753901113.1960828,
		1753901113.2560716,
		1753901113.3156645,
		1753901113.3759794,
		1753901113.4359744,
		1753901113.4960263,
		1753901113.5560942,
		1753901113.6160681,
		1753901113.6760683,
		1753901113.7359905,
		1753901113.796045,
		1753901113.8562036,
		1753901113.9161499,
		1753901113.9760664,
		1753901114.035879,
		1753901114.0960233,
		1753901114.1560438,
		1753901114.216197,
		1753901114.2761745,
		1753901114.336077,
		1753901114.396086,
		1753901114.456248,
		1753901114.5161474,
		1753901114.5761273,
		1753901114.6358855,
		1753901114.6960802,
		1753901114.7561436,
		1753901114.816146,
		1753901114.8760488,
		1753901114.9360218,
		1753901114.996071,
		1753901115.056065,
		1753901115.1160462,
		1753901115.1760523,
		1753901115.2360368,
		1753901115.295854,
		1753901115.3558996,
		1753901115.4158385,
		1753901115.475769,
		1753901115.5357182,
		1753901115.5958214,
		1753901115.6557963,
		1753901115.7158365
	]
}