{
	"timestamps": [
		573762502011708,
		573762519362548,
		573762525905791,
		573762533844833,
		573762541536860,
		573762548754953,
		573762556307723,
		573762563865636,
		573762571308959,
		573762578826731,
		573762586335311,
		573762593821385,
		573762601325469,
		573762608827015,
		573762616326583,
		573762623825998,
		573762631325902,
		573762638827641,
		573762646326644,
		573762653826542,
		573762661325713,
		573762668825759,
		573762676327427,
		573762683826558,
		573762691326024,
		573762698825927,
		573762706327371,
		573762713826954,
		573762721326527,
		573762728826319,
		573762736325902,
		573762743827646,
		573762751327356,
		573762758826329,
		573762766325907,
		573762773827539,
		573762781327326,
		573762788827265,
		573762796326731,
		573762803825698,
		573762811327433,
		573762818827575,
		573762826327173,
		573762833826649,
		573762841325622,
		573762848827845,
		573762856326944,
		573762863826960,
		573762871326558,
		573762878827829,
		573762886327814,
		573762893827127,
		573762901326461,
		573762908826395,
		573762916328221,
		573762923827331,
		573762931326481,
		573762938826736,
		573762946328048,
		573762953827982,
		573762961327651,
		573762968827193,
		573762976326568,
		573762983827972,
		573762991327438,
		573762998827000,
		573763006327117,
		573763013828313,
		573763021327860,
		573763028827911,
		573763036327321,
		573763043826517,
		573763051328816,
		573763058827692,
		573763066327738,
		573763073826517,
		573763081326837,
		573763088828648,
		573763096327590,
		573763103827148,
		573763111326746,
		573763118828964,
		573763126327967,
		573763133828155,
		573763141327173,
		573763148826995,
		573763156328419,
		573763163828379
	],
	"frameID": [
		1,
		4,
		5,
		6,
		7,
		8,
		9,
		10,
		11,
		12,
		13,
		14,
		15,
		16,
		17,
		18,
		19,
		20,
		21,
		22,
		23,
		24,
		25,
		26,
		27,
		28,
		29,
		30,
		31,
		32,
		33,
		34,
		35,
		36,
		37,
		38,
		39,
		40,
		41,
		42,
		43,
		44,
		45,
		46,
		47,
		48,
		49,
		50,
		51,
		52,
		53,
		54,
		55,
		56,
		57,
		58,
		59,
		60,
		61,
		62,
		63,
		64,
		65,
		66,
		67,
		68,
		69,
		70,
		71,
		72,
		73,
		74,
		75,
		76,
		77,
		78,
		79,
		80,
		81,
		82,
		83,
		84,
		85,
		86,
		87,
		88,
		89,
		90
	],
	"pc_time": [
		1753901397.5467253,
		1753901397.6861465,
		1753901397.7383049,
		1753901397.8018134,
		1753901397.8633752,
		1753901397.9211872,
		1753901397.9816132,
		1753901398.0416245,
		1753901398.1016388,
		1753901398.1616578,
		1753901398.221558,
		1753901398.2816963,
		1753901398.3415413,
		1753901398.4017556,
		1753901398.4613824,
		1753901398.5211716,
		1753901398.5816758,
		1753901398.6412075,
		1753901398.7016819,
		1753901398.7616897,
		1753901398.8217895,
		1753901398.8818035,
		1753901398.9418058,
		1753901399.0017836,
		1753901399.0613847,
		1753901399.1217086,
		1753901399.1815374,
		1753901399.2416456,
		1753901399.3017325,
		1753901399.361648,
		1753901399.4216564,
		1753901399.4816446,
		1753901399.5416505,
		1753901399.601667,
		1753901399.6616268,
		1753901399.7216449,
		1753901399.7816846,
		1753901399.841614,
		1753901399.901639,
		1753901399.961609,
		1753901400.0216382,
		1753901400.0812893,
		1753901400.1416225,
		1753901400.2016087,
		1753901400.2616527,
		1753901400.3216534,
		1753901400.3815231,
		1753901400.4416103,
		1753901400.5016856,
		1753901400.5615494,
		1753901400.621566,
		1753901400.681587,
		1753901400.7417552,
		1753901400.801763,
		1753901400.861668,
		1753901400.92165,
		1753901400.9815333,
		1753901401.041595,
		1753901401.1012242,
		1753901401.161063,
		1753901401.2215972,
		1753901401.2815583,
		1753901401.3416414,
		1753901401.401742,
		1753901401.4615695,
		1753901401.5216615,
		1753901401.5816028,
		1753901401.6413577,
		1753901401.701722,
		1753901401.7616742,
		1753901401.8218052,
		1753901401.8816867,
		1753901401.941711,
		1753901402.001731,
		1753901402.0615742,
		1753901402.1213775,
		1753901402.181695,
		1753901402.2415948,
		1753901402.3016868,
		1753901402.3615844,
		1753901402.421692,
		1753901402.4816806,
		1753901402.5417154,
		1753901402.6016862,
		1753901402.6616483,
		1753901402.7216747,
		1753901402.7816477,
		1753901402.8416498
	]
}