{
	"timestamps": [
		573636086966104,
		573636090545181,
		573636096288747,
		573636104246836,
		573636110785705,
		573636118718750,
		573636126410308
	],
	"frameID": [
		1,
		2,
		3,
		4,
		5,
		6,
		7
	],
	"pc_time": [
		1753900386.2369437,
		1753900386.2705326,
		1753900386.3113573,
		1753900386.3752723,
		1753900386.4270263,
		1753900386.49065,
		1753900386.5523083
	]
}