{
	"timestamps": [
		573743341541936,
		573743345122085,
		573743350878265,
		573743358928115,
		573743365471364,
		573743373408126,
		573743381099761,
		573743388318410,
		573743395873758,
		573743403430582,
		573743410872360,
		573743418389729,
		573743425900446,
		573743433386555,
		573743440890675,
		573743448390604,
		573743455889582,
		573743463391794,
		573743470890894,
		573743478390635,
		573743485890507,
		573743493391688,
		573743500891759,
		573743508391240,
		573743515890777,
		573743523390009,
		573743530891581,
		573743538391723,
		573743545891148,
		573743553390248,
		573743560890355,
		573743568391367,
		573743575891448,
		573743583391113,
		573743590890706,
		573743598391921,
		573743605891825,
		573743613391504,
		573743620890416,
		573743628389994,
		573743635891810,
		573743643391362,
		573743650891342,
		573743658390456,
		573743665892644,
		573743673391769,
		573743680891682,
		573743688391204,
		573743695890716,
		573743703392059,
		573743710892227,
		573743718391148,
		573743725890986,
		573743733390686,
		573743740891871,
		573743748391576,
		573743755891326,
		573743763390665,
		573743770892827,
		573743778392247,
		573743785891804,
		573743793390925,
		573743800890797,
		573743808392598,
		573743815891810,
		573743823391774,
		573743830890894,
		573743838393005,
		573743845892242,
		573743853392186,
		573743860891184,
		573743868390675,
		573743875892969,
		573743883392084,
		573743890892013,
		573743898391550,
		573743905892878,
		573743913392394,
		573743920892450,
		573743928391586,
		573743935891520,
		573743943392751,
		573743950892394,
		573743958391906,
		573743965891830,
		573743973391377,
		573743980892567,
		573743988392593,
		573743995892191,
		573744003391677,
		573744010893071
	],
	"frameID": [
		1,
		2,
		3,
		4,
		5,
		6,
		7,
		8,
		9,
		10,
		11,
		12,
		13,
		14,
		15,
		16,
		17,
		18,
		19,
		20,
		21,
		22,
		23,
		24,
		25,
		26,
		27,
		28,
		29,
		30,
		31,
		32,
		33,
		34,
		35,
		36,
		37,
		38,
		39,
		40,
		41,
		42,
		43,
		44,
		45,
		46,
		47,
		48,
		49,
		50,
		51,
		52,
		53,
		54,
		55,
		56,
		57,
		58,
		59,
		60,
		61,
		62,
		63,
		64,
		65,
		66,
		67,
		68,
		69,
		70,
		71,
		72,
		73,
		74,
		75,
		76,
		77,
		78,
		79,
		80,
		81,
		82,
		83,
		84,
		85,
		86,
		87,
		88,
		89,
		90,
		91
	],
	"pc_time": [
		1753901244.264972,
		1753901244.2992868,
		1753901244.3395674,
		1753901244.403617,
		1753901244.4562593,
		1753901244.519844,
		1753901244.5813797,
		1753901244.639148,
		1753901244.6996155,
		1753901244.7599325,
		1753901244.8195574,
		1753901244.8797498,
		1753901244.939727,
		1753901244.9996715,
		1753901245.0596375,
		1753901245.1197038,
		1753901245.1798549,
		1753901245.2397528,
		1753901245.2997255,
		1753901245.3597317,
		1753901245.4194584,
		1753901245.479771,
		1753901245.5397842,
		1753901245.5997405,
		1753901245.6596866,
		1753901245.7196856,
		1753901245.779743,
		1753901245.83971,
		1753901245.8997467,
		1753901245.9597101,
		1753901246.019685,
		1753901246.079737,
		1753901246.1397421,
		1753901246.1997442,
		1753901246.2596693,
		1753901246.319685,
		1753901246.3797371,
		1753901246.43931,
		1753901246.4997,
		1753901246.559636,
		1753901246.619738,
		1753901246.679396,
		1753901246.7392855,
		1753901246.7994297,
		1753901246.859467,
		1753901246.9194,
		1753901246.9795206,
		1753901247.0393405,
		1753901247.0996697,
		1753901247.1597016,
		1753901247.219642,
		1753901247.2797103,
		1753901247.339542,
		1753901247.3996432,
		1753901247.4595912,
		1753901247.5196042,
		1753901247.579654,
		1753901247.6394522,
		1753901247.6995857,
		1753901247.7595832,
		1753901247.819576,
		1753901247.879645,
		1753901247.9395156,
		1753901247.9995492,
		1753901248.0595455,
		1753901248.1195405,
		1753901248.1796703,
		1753901248.2395828,
		1753901248.2996445,
		1753901248.3595297,
		1753901248.4196236,
		1753901248.4793828,
		1753901248.5396185,
		1753901248.5995474,
		1753901248.6595733,
		1753901248.7196116,
		1753901248.7795935,
		1753901248.8395946,
		1753901248.8996327,
		1753901248.959518,
		1753901249.0196102,
		1753901249.0796566,
		1753901249.139694,
		1753901249.199701,
		1753901249.2596917,
		1753901249.319703,
		1753901249.3798144,
		1753901249.4393396,
		1753901249.4995995,
		1753901249.559009,
		1753901249.6194878
	]
}