{
	"timestamps": [
		573663021113571,
		573663024692392,
		573663030463556,
		573663038483947,
		573663045031214,
		573663052966623,
		573663060649291,
		573663067880752,
		573663075425099,
		573663082984217,
		573663090430689,
		573663097948242
	],
	"frameID": [
		1,
		2,
		3,
		4,
		5,
		6,
		7,
		8,
		9,
		10,
		11,
		12
	],
	"pc_time": [
		1753900601.7107613,
		1753900601.7437747,
		1753900601.7855747,
		1753900601.8496835,
		1753900601.9020822,
		1753900601.9650002,
		1753900602.0267866,
		1753900602.0849419,
		1753900602.1452727,
		1753900602.205528,
		1753900602.2652469,
		1753900602.325397
	]
}