{
	"timestamps": [
		573551427916783,
		573551431496495,
		573551437217290,
		573551445309071,
		573551451850499,
		573551459794519,
		573551467479390
	],
	"frameID": [
		1,
		2,
		3,
		4,
		5,
		6,
		7
	],
	"pc_time": [
		1753899708.9632027,
		1753899708.996368,
		1753899709.0374882,
		1753899709.1023204,
		1753899709.15463,
		1753899709.2181857,
		1753899709.2797146
	]
}