{
  "position": [
    0.7212900464081106,
    0.355411661063951,
    0.0594711521050708
  ],
  "look_at": [
    0.5758561062509084,
    0.13370481976696963,
    0.11159743454027415
  ],
  "up_direction": [
    -5.5511151231257815e-17,
    0.0,
    1.0
  ],
  "wxyz": [
    0.22104978434188668,
    -0.18182444888004565,
    -0.60867927288349,
    0.7399908143983268
  ],
  "fov": 1.3089969389957472,
  "near": 0.01,
  "far": 1000.0
}