{
  "position": [
    0.7598471980006802,
    0.2859954872776197,
    0.18713841391936897
  ],
  "look_at": [
    0.5884710095551058,
    -0.004543406348981829,
    0.11159743454027415
  ],
  "up_direction": [
    -5.5511151231257815e-17,
    0.0,
    1.0
  ],
  "wxyz": [
    -0.16459820763987654,
    0.205537620990118,
    0.7530099356599445,
    -0.6030238413171315
  ],
  "fov": 1.3089969389957472,
  "near": 0.01,
  "far": 1000.0
}