{
  "position": [
    0.6930310840272693,
    0.18025624632205484,
    0.25116293618647784
  ],
  "look_at": [
    0.6083980459152569,
    -0.12444305336857811,
    0.11159743454027421
  ],
  "up_direction": [
    -5.5511151231257815e-17,
    0.0,
    1.0
  ],
  "wxyz": [
    -0.07373816744119964,
    0.1131433677770363,
    0.8301080834069362,
    -0.5410007678857277
  ],
  "fov": 1.3089969389957472,
  "near": 0.01,
  "far": 1000.0
}