{
  "position": [
    0.9193213232710247,
    -0.1603328149865913,
    0.3048942019361989
  ],
  "look_at": [
    0.22267210022401715,
    0.11927841467532069,
    0.12942461575740255
  ],
  "up_direction": [
    0.0,
    2.220446049250313e-16,
    1.0
  ],
  "wxyz": [
    0.5148020767501412,
    -0.6490149512622718,
    -0.43884775069000004,
    0.34809634661412375
  ],
  "fov": 1.3089969389957472,
  "near": 0.01,
  "far": 1000.0
}