{
  "position": [
    0.8232945967995751,
    0.11449865825679434,
    0.407366746433895
  ],
  "look_at": [
    0.19582136998001218,
    -0.1718536108200709,
    0.06302406389514714
  ],
  "up_direction": [
    -5.5511151231257815e-17,
    0.0,
    1.0
  ],
  "wxyz": [
    -0.2844302291105127,
    0.45990764931396794,
    0.7154173817442803,
    -0.4424504139096272
  ],
  "fov": 1.3089969389957472,
  "near": 0.01,
  "far": 1000.0
}