{
  "position": [
    0.24664839627286772,
    0.19889856997460667,
    0.13265072228602748
  ],
  "look_at": [
    -0.022553985181266736,
    -0.006608613719406287,
    0.06026073409108056
  ],
  "up_direction": [
    -5.5511151231257815e-17,
    0.0,
    1.0
  ],
  "wxyz": [
    -0.2788457089672132,
    0.34474540493698974,
    0.6968939577803799,
    -0.5636794195059824
  ],
  "fov": 1.3089969389957472,
  "near": 0.01,
  "far": 1000.0
}