{
  "position": [
    0.6919407021645128,
    0.32284732932291715,
    0.23351191011461722
  ],
  "look_at": [
    0.23616225494284201,
    -0.47570919443798027,
    0.11368356250888242
  ],
  "up_direction": [
    -5.5511151231257815e-17,
    0.0,
    1.0
  ],
  "wxyz": [
    -0.16919649843280066,
    0.19267749224645117,
    0.7262854411741784,
    -0.6377753419803301
  ],
  "fov": 1.3089969389957472,
  "near": 0.01,
  "far": 1000.0
}