{
  "position": [
    0.9815001035477221,
    0.18098513567972707,
    0.23815319623996634
  ],
  "look_at": [
    0.06718059864634109,
    -0.10135742287231644,
    1.3877787807814457e-17
  ],
  "up_direction": [
    -5.5511151231257815e-17,
    0.0,
    1.0
  ],
  "wxyz": [
    -0.3656148310708013,
    0.4677597595170047,
    0.6339988834504543,
    -0.49555223585535435
  ],
  "fov": 1.3089969389957472,
  "near": 0.01,
  "far": 1000.0
}