{
  "position": [
    0.900921589631589,
    -0.09711447505144373,
    0.19600387925896623
  ],
  "look_at": [
    0.029592330162760097,
    0.1505034851589556,
    -0.0021274278521077
  ],
  "up_direction": [
    -5.5511151231257815e-17,
    0.0,
    1.0
  ],
  "wxyz": [
    0.5003179295132244,
    -0.6215802500922517,
    -0.4695493246574659,
    0.37794628430052263
  ],
  "fov": 1.3089969389957472,
  "near": 0.01,
  "far": 1000.0
}