{
  "position": [
    0.9582676777976734,
    0.16777282645313177,
    0.1934297881875592
  ],
  "look_at": [
    0.0021248038811784928,
    -0.011342499830278692,
    6.505213034913027e-19
  ],
  "up_direction": [
    -5.5511151231257815e-17,
    0.0,
    1.0
  ],
  "wxyz": [
    -0.405202490657712,
    0.49370722512715776,
    0.5947821129705451,
    -0.48815812552114973
  ],
  "fov": 1.3089969389957472,
  "near": 0.01,
  "far": 1000.0
}