{
  "position": [
    -0.01966384950616507,
    0.2232208486041291,
    -0.29826495495622235
  ],
  "look_at": [
    -0.02126808863700421,
    0.1363216767330685,
    -0.0752145737196385
  ],
  "up_direction": [
    -5.5511151231257815e-17,
    0.0,
    1.0
  ],
  "wxyz": [
    0.009070523942319109,
    -0.0017047878555886224,
    -0.18470609520753412,
    0.9827504656254124
  ],
  "fov": 1.3089969389957472,
  "near": 0.01,
  "far": 1000.0
}