{
  "position": [
    0.856400431280953,
    0.0729621757153368,
    0.247638680577244
  ],
  "look_at": [
    0.3907016927508332,
    0.07767623022087071,
    -0.0752145737196385
  ],
  "up_direction": [
    -5.5511151231257815e-17,
    0.0,
    1.0
  ],
  "wxyz": [
    -0.3296333409507351,
    0.6296053300886015,
    0.6232643801052354,
    -0.32631350163564504
  ],
  "fov": 1.3089969389957472,
  "near": 0.01,
  "far": 1000.0
}