{
  "position": [
    0.2532955986081951,
    0.17734792871151284,
    0.16570813816012203
  ],
  "look_at": [
    0.9102779811037895,
    -0.23921255437132646,
    -0.0880955556098782
  ],
  "up_direction": [
    -5.5511151231257815e-17,
    0.0,
    1.0
  ],
  "wxyz": [
    0.283035314390211,
    -0.39006236023412666,
    0.7091805217434021,
    -0.5145924149425182
  ],
  "fov": 1.3089969389957472,
  "near": 0.01,
  "far": 1000.0
}