{
  "position": [
    1.1150613064762978,
    -0.07287130303063728,
    0.3863679819764113
  ],
  "look_at": [
    0.44814903340750534,
    -0.08836187863268036,
    0.0
  ],
  "up_direction": [
    -5.5511151231257815e-17,
    0.0,
    1.0
  ],
  "wxyz": [
    -0.3490087889285359,
    0.6054604394106481,
    0.6196869577316635,
    -0.3572094567289297
  ],
  "fov": 1.3089969389957472,
  "near": 0.01,
  "far": 1000.0
}