{
  "position": [
    0.9485156248216686,
    0.15256173258680028,
    0.30955758520692295
  ],
  "look_at": [
    0.11336864236853911,
    -0.25286680133569905,
    -0.022972280867710276
  ],
  "up_direction": [
    -5.5511151231257815e-17,
    0.0,
    1.0
  ],
  "wxyz": [
    -0.30550639063818563,
    0.4339437846257213,
    0.6930361880029954,
    -0.4879133931162485
  ],
  "fov": 1.3089969389957472,
  "near": 0.01,
  "far": 1000.0
}