{
  "position": [
    1.016024610339726,
    0.07671825952852397,
    0.2385263738791491
  ],
  "look_at": [
    -0.129574557864973,
    -0.11537121136367484,
    -0.0013486716828119694
  ],
  "up_direction": [
    -5.5511151231257815e-17,
    0.0,
    1.0
  ],
  "wxyz": [
    -0.4079945037462104,
    0.5008560818338974,
    0.5918296045332031,
    -0.4821010157642819
  ],
  "fov": 1.3089969389957472,
  "near": 0.01,
  "far": 1000.0
}