{
	"23022627": {
		"original_intrinsics": [
			[
				4877.3080262314115,
				0.0,
				975.7727371549121
			],
			[
				0.0,
				4892.057030180156,
				474.8364146178776
			],
			[
				0.0,
				0.0,
				1.0
			]
		],
		"dist_param": [
			[
				-0.08915342536923444,
				0.989012291356115,
				-0.019421603716202374,
				-0.00517795104565099,
				-3.0526892011169156
			]
		],
		"height": 1536,
		"width": 2048,
		"Intrinsics": [
			4823.185064538963,
			0.0,
			971.193606269288,
			0.0,
			4825.275074888688,
			466.13993856660784,
			0.0,
			0.0,
			1.0
		]
	}
}