{
    "__comment" : "0 : narrow, 1 : wide, 2: new, 3 : 12, 4 : 16, 5 : 25",
    "0":{
        "Gain": 3.0, 
        "Exposure": 2500,
        "fps":30.0,
        "fx":1783,
        "fy":1783,
        "k1":-0.19597900565760468, 
        "k2":0.1757297661050229, 
        "p1":0.00025076494560820307, 
        "p2":0.0004175496976667989
    },
    "1" : {
        "Gain": 6.5, 
        "Exposure": 2500,
        "fps":30.0,
        "fx":1055,
        "fy":1055,
        "k1":-0.049921046874368005, 
        "k2":0.10409817574589135, 
        "p1":0.0011589181618375296, 
        "p2" :-0.00016165569211166659
    },
    "2" : {
        "Gain": 3.0,
        "Exposure": 2500,
        "fps":30.0,
        "fx":1760,
        "fy":1760,
        "k1":-0.08890582321636135, 
        "k2":0.08802823795211108, 
        "p1":-0.002214711682988807, 
        "p2":-0.0027448874425406652
    },
    "3" : {
        "Gain": 3.0,
        "Exposure": 2500,
        "fps":30.0,
        "fx":1760,
        "fy":1760,
        "k1":-0.08890582321636135, 
        "k2":0.08802823795211108, 
        "p1":-0.002214711682988807, 
        "p2":-0.0027448874425406652
    },
    "4" : { 
        "Gain": 3.0,
        "Exposure": 2500,
        "fps":30.0,
        "fx":1760,
        "fy":1760,
        "k1":-0.08890582321636135, 
        "k2":0.08802823795211108, 
        "p1":-0.002214711682988807, 
        "p2":-0.0027448874425406652
    },
    "5" : {
        "Gain": 3.0,
        "Exposure": 2500,
        "fps":30.0,
        "fx":1760,
        "fy":1760,
        "k1":-0.08890582321636135, 
        "k2":0.08802823795211108, 
        "p1":-0.002214711682988807, 
        "p2":-0.0027448874425406652
    }

}
