{"rgb_loss": 0.006574222352355719, "sil_loss": 0.007310467306524515}