{"rgb_loss": 0.0055480292066931725, "sil_loss": 0.007435901090502739}