{"rgb_loss": 0.007203481160104275, "sil_loss": 0.007026108913123608}