{"rgb_loss": 0.005536234006285667, "sil_loss": 0.007082731928676367}