{"0": [[1750930224.39966, 1750930236.487131], [1750930243.1388674, 1750930265.5928328], [1750930267.6088898, 1750930283.5878367]], "1": [[1750930298.5064886, 1750930304.0873077], [1750930306.071192, 1750930310.746711], [1750930311.7882283, 1750930333.901485], [1750930335.5696776, 1750930347.6149688], [1750930349.4824483, 1750930354.5829422]]}