{"0": [[1750303964.993263, 1750303969.6625133], [1750303970.8613172, 1750303985.2959797]], "1": [[1750303991.2451386, 1750303996.6572545], [1750303997.6061747, 1750304002.6951478]]}