{"0": [[1750315787.155583, 1750315791.8092656], [1750315792.8410313, 1750315836.8220823]], "1": [[1750315842.7085638, 1750315842.7870326]]}