{"0": {"grasp_start": 1750930236.3871841, "grasp_end": 1750930283.5880418}, "1": {"grasp_start": 1750930303.9897635, "grasp_end": 1750930354.5831418}}