{"0": {"grasp_start": 1750315836.820921, "grasp_end": 1750315836.8222957}, "1": {"grasp_start": -1, "grasp_end": -1}}