{"0": {"grasp_start": 1750303985.2610054, "grasp_end": 1750303985.2961936}, "1": {"grasp_start": 1750304002.6270099, "grasp_end": 1750304002.6956816}}